ASA ID,NAME
1178622046,Laptop
1178623298,Smartphone
1178610346,Drone
1048507489,Bismuth Breath
418228431,Al Goanna 438
335119178,Al Goanna 071
1178624722,Tablet
1178617017,Graphics tablet
1178609293,Camera
1178616185,Game console
1178616185,Game console
1178620032,Hardware wallet #2
1178620032,Hardware wallet #2
1178623884,Smartwatch
1178623884,Smartwatch
1178620853,Headphone
1178620853,Headphone
358690964,M.N.G.O #1157
358698952,M.N.G.O #1230
359032845,M.N.G.O #1601
358567322,M.N.G.O #372
359198300,M.N.G.O #2257
358545915,M.N.G.O #190
359163410,M.N.G.O #2104
358529086,M.N.G.O #43
359277189,M.N.G.O #2615
358612291,M.N.G.O #671
812880029,Mostly Frens #2492
812553617,Mostly Frens #0462
812551741,Mostly Frens #0439
1178615371,eGift card 100
1178615371,eGift card 100
1178613039,Earbuds
1178608093,Bluetooth speaker
1178622681,Midi keyboard
1178613039,Earbuds
1178608093,Bluetooth speaker
1178622681,Midi keyboard
1178815940,ALGOs 1000
1178815940,ALGOs 1000
1178815940,ALGOs 1000
1178815940,ALGOs 1000
1178815940,ALGOs 1000
1178618810,Hardware wallet #1
1178618810,Hardware wallet #1
1178618810,Hardware wallet #1
1178618810,Hardware wallet #1
1178618810,Hardware wallet #1
1178618810,Hardware wallet #1
1178618810,Hardware wallet #1
1178618810,Hardware wallet #1
1178618810,Hardware wallet #1
1178618810,Hardware wallet #1
1178618810,Hardware wallet #1
1178618810,Hardware wallet #1
1178618810,Hardware wallet #1
1178618810,Hardware wallet #1
1178618810,Hardware wallet #1
1178618810,Hardware wallet #1
1178618810,Hardware wallet #1
1178618810,Hardware wallet #1
1178618810,Hardware wallet #1
1178618810,Hardware wallet #1
1178618810,Hardware wallet #1
1178618810,Hardware wallet #1
1178618810,Hardware wallet #1
1178618810,Hardware wallet #1
1178618810,Hardware wallet #1
1178618810,Hardware wallet #1
1178618810,Hardware wallet #1
1178618810,Hardware wallet #1
1178618810,Hardware wallet #1
1178618810,Hardware wallet #1
1178618810,Hardware wallet #1
1178618810,Hardware wallet #1
1178618810,Hardware wallet #1
1178618810,Hardware wallet #1
1178618810,Hardware wallet #1
1178618810,Hardware wallet #1
1178618810,Hardware wallet #1
1178618810,Hardware wallet #1
1178618810,Hardware wallet #1
1178618810,Hardware wallet #1
1178618810,Hardware wallet #1
1178618810,Hardware wallet #1
1178618810,Hardware wallet #1
1178618810,Hardware wallet #1
1178618810,Hardware wallet #1
1178618810,Hardware wallet #1
1178618810,Hardware wallet #1
1178618810,Hardware wallet #1
1178618810,Hardware wallet #1
1178618810,Hardware wallet #1
1131813486,PayMeIn.Algo Cover Art
462737550,tinyhorse 834
871048974,MvZ Mutant #2569
1178614351,eGift card 50
1178614351,eGift card 50
1178614351,eGift card 50
1178614351,eGift card 50
1178614351,eGift card 50
1178614351,eGift card 50
1178614351,eGift card 50
1178614351,eGift card 50
834758055,Fracctal Tamer 0336
834760735,Fracctal Tamer 0639
834761205,Fracctal Tamer 0698
834761364,Fracctal Tamer 0721
834779268,Fracctal Tamer 1491
881386956,2tinyhorse 1204
651664172,2tinyhorse 147
813647468,2tinyhorse 690
881358715,2tinyhorse 998
1120116694,Algroid 000
1120116696,Becoming Gods
1120118120,Being Alg0rhythm3
1120116706,Blythe
1178816713,ALGOs 500
1178816713,ALGOs 500
1178816713,ALGOs 500
1178816713,ALGOs 500
1178816713,ALGOs 500
1178816713,ALGOs 500
1178816713,ALGOs 500
1178816713,ALGOs 500
1178816713,ALGOs 500
1178816713,ALGOs 500
1120116707,Emerald
1120118122,Goddess Navia
1120116697,Punktuality
1120116709,The Creative Process
1120116699,The Triumph of Reason
1120118123,Waves of Dreamland
1043922642,Parade 9
870828686,MvZ Mutant #0954
870831794,MvZ Mutant #0989
871052304,MvZ Mutant #2593
582988834,CGF #1825
583094106,CGF #2138
583176335,CGF #2414
583357370,CGF #3009
582548860,CGF #575
834757002,Fracctal Tamer 0208
834779342,Fracctal Tamer 1501
583543000,CGF #3591
939018845,SKTL #294
939018987,SKTL #316
1178601367,6 months Asalytic subscription
1178601367,6 months Asalytic subscription
1178601367,6 months Asalytic subscription
1178601367,6 months Asalytic subscription
1178601367,6 months Asalytic subscription
1178601367,6 months Asalytic subscription
1178601367,6 months Asalytic subscription
1178601367,6 months Asalytic subscription
1178601367,6 months Asalytic subscription
1178601367,6 months Asalytic subscription
1178601367,6 months Asalytic subscription
1178601367,6 months Asalytic subscription
1178601367,6 months Asalytic subscription
1178601367,6 months Asalytic subscription
1178601367,6 months Asalytic subscription
1178601367,6 months Asalytic subscription
1178601367,6 months Asalytic subscription
1178601367,6 months Asalytic subscription
1178601367,6 months Asalytic subscription
1178601367,6 months Asalytic subscription
1178601367,6 months Asalytic subscription
1178601367,6 months Asalytic subscription
1178601367,6 months Asalytic subscription
1178601367,6 months Asalytic subscription
1178601367,6 months Asalytic subscription
582371388,CGF #48
870835239,MvZ Mutant #1025
870894718,MvZ Mutant #1398
870849340,MvZ Mutant #1131
870863029,MvZ Mutant #1177
871252334,MvZ Zombie #0996
871312937,MvZ Zombie #1506
708167575,FC1261
708168244,FC1303
708205934,FC2284
708213447,FC2515
1053253394,OUTSYDE#0225
1178613915,eGift card 25
1178613915,eGift card 25
1178613915,eGift card 25
1178613915,eGift card 25
1178613915,eGift card 25
1178613915,eGift card 25
1178613915,eGift card 25
1178613915,eGift card 25
1178613915,eGift card 25
1178613915,eGift card 25
1178613915,eGift card 25
1178613915,eGift card 25
1178613915,eGift card 25
1178613915,eGift card 25
1178613915,eGift card 25
1178613915,eGift card 25
1178613915,eGift card 25
1178613915,eGift card 25
1178613915,eGift card 25
1178613915,eGift card 25
1178817091,ALGOs 250
1178817091,ALGOs 250
1178817091,ALGOs 250
1178817091,ALGOs 250
1178817091,ALGOs 250
1178817091,ALGOs 250
1178817091,ALGOs 250
1178817091,ALGOs 250
1178817091,ALGOs 250
1178817091,ALGOs 250
1178817091,ALGOs 250
1178817091,ALGOs 250
1178817091,ALGOs 250
1178817091,ALGOs 250
1178817091,ALGOs 250
1178817091,ALGOs 250
1178817091,ALGOs 250
1178817091,ALGOs 250
1178817091,ALGOs 250
1178817091,ALGOs 250
1178817091,ALGOs 250
1178817091,ALGOs 250
1178817091,ALGOs 250
1178817091,ALGOs 250
1178817091,ALGOs 250
1178817091,ALGOs 250
1178817091,ALGOs 250
1178817091,ALGOs 250
1178817091,ALGOs 250
1178817091,ALGOs 250
1178817091,ALGOs 250
1178817091,ALGOs 250
1178817091,ALGOs 250
1178817091,ALGOs 250
1178817091,ALGOs 250
871116930,MvZ Zombie #0071
870690645,MvZ Mutant #0071
858025896,Ible City Series I
858046395,Ible City Series II
864213553,Ible City Series III
1045288031,Ible City Series VI
708169537,FC1366
708207221,FC2343
871046736,MvZ Mutant #2549
871284129,MvZ Zombie #1281
871304143,MvZ Zombie #1443
871326869,MvZ Zombie #1624
871328825,MvZ Zombie #1639
871338642,MvZ Zombie #1721
871412366,MvZ Zombie #2317
871451043,MvZ Zombie #2621
973158917,Gorcian #0010
973159899,Gorcian #0156
912632354,MIA #0955
912638260,MIA #2011
871224525,MvZ Zombie #0825
871443861,MvZ Zombie #2574
912636627,MIA #1701
912639716,MIA #2277
912644559,MIA #3255
1016196915,DragonFi Moon Dragons #130
1016197205,DragonFi Moon Dragons #236
1016196633,DragonFi Moon Dragons #26
1016198660,DragonFi Moon Dragons #728
1016198694,DragonFi Moon Dragons #744
1016196819,DragonFi Moon Dragons #98
1048650950,Pixel Pups #469
1048651040,Pixel Pups #512
1053311036,OUTSYDE#0553
847777791,Pooof #1044
847786539,Pooof #1636
847787703,Pooof #1954
847797202,Pooof #2346
847806085,Pooof #2846
847758648,Pooof #288
847769623,Pooof #516
847757927,Pooof #83
686175568,LILknit 0015
730951707,LILknit 1663
847778552,Pooof #1252
847786637,Pooof #1657
847757718,Pooof #17
847813578,Pooof #3126
1097915363,PIXEL PEPE 1/1 #007
1101366583,PIXEL PEPE 1/1 #023 (EXA)
847814925,Pooof #3470
1178817354,ALGOs 100
1178817354,ALGOs 100
1178817354,ALGOs 100
1178817354,ALGOs 100
1178817354,ALGOs 100
1178817354,ALGOs 100
1178817354,ALGOs 100
1178817354,ALGOs 100
1178817354,ALGOs 100
1178817354,ALGOs 100
1178817354,ALGOs 100
1178817354,ALGOs 100
1178817354,ALGOs 100
1178817354,ALGOs 100
1178817354,ALGOs 100
1178817354,ALGOs 100
1178817354,ALGOs 100
1178817354,ALGOs 100
1178817354,ALGOs 100
1178817354,ALGOs 100
1178817354,ALGOs 100
1178817354,ALGOs 100
1178817354,ALGOs 100
1178817354,ALGOs 100
1178817354,ALGOs 100
1178817354,ALGOs 100
1178817354,ALGOs 100
1178817354,ALGOs 100
1178817354,ALGOs 100
1178817354,ALGOs 100
1178817354,ALGOs 100
1178817354,ALGOs 100
1178817354,ALGOs 100
1178817354,ALGOs 100
1178817354,ALGOs 100
1178817354,ALGOs 100
1178817354,ALGOs 100
1178817354,ALGOs 100
1178817354,ALGOs 100
1178817354,ALGOs 100
1178817354,ALGOs 100
1178817354,ALGOs 100
1178817354,ALGOs 100
1178817354,ALGOs 100
1178817354,ALGOs 100
1178817354,ALGOs 100
1178817354,ALGOs 100
1178817354,ALGOs 100
1178817354,ALGOs 100
1178817354,ALGOs 100
1178817354,ALGOs 100
1178817354,ALGOs 100
1178817354,ALGOs 100
1178817354,ALGOs 100
1178817354,ALGOs 100
1178817354,ALGOs 100
1178817354,ALGOs 100
1178817354,ALGOs 100
1178817354,ALGOs 100
1178817354,ALGOs 100
1178817354,ALGOs 100
1178817354,ALGOs 100
1048712268,CGR #1825
1048746442,CGR #2138
1048770750,CGR #2414
1048826808,CGR #3009
1048579327,CGR #575
813494647,Totally Average Cats #1031
813495151,Totally Average Cats #1056
813112888,Totally Average Cats #162
813515247,Totally Average Cats #2120
813113083,Totally Average Cats #223
813558395,Totally Average Cats #3557
813120268,Totally Average Cats #553
847796379,Pooof #2070
856176804,Heepow Brat 1221
856187687,Heepow Brat 1465
856211198,Heepow Brat 1845
856217981,Heepow Brat 1994
856231324,Heepow Brat 2365
1178822049,ALGOs 50
1178822049,ALGOs 50
1178822049,ALGOs 50
1178822049,ALGOs 50
1178822049,ALGOs 50
1178822049,ALGOs 50
1178822049,ALGOs 50
1178822049,ALGOs 50
1178822049,ALGOs 50
1178822049,ALGOs 50
1178822049,ALGOs 50
1178822049,ALGOs 50
1178822049,ALGOs 50
1178822049,ALGOs 50
1178822049,ALGOs 50
1178822049,ALGOs 50
1178822049,ALGOs 50
1178822049,ALGOs 50
1178822049,ALGOs 50
1178822049,ALGOs 50
1178822049,ALGOs 50
1178822049,ALGOs 50
1178822049,ALGOs 50
1178822049,ALGOs 50
1178822049,ALGOs 50
1178822049,ALGOs 50
1178822049,ALGOs 50
1178822049,ALGOs 50
1178822049,ALGOs 50
1178822049,ALGOs 50
1178822049,ALGOs 50
1178822049,ALGOs 50
1178822049,ALGOs 50
1178822049,ALGOs 50
1178822049,ALGOs 50
1178822049,ALGOs 50
1178822049,ALGOs 50
1178822049,ALGOs 50
1178822049,ALGOs 50
1178822049,ALGOs 50
1178822049,ALGOs 50
1178822049,ALGOs 50
1178822049,ALGOs 50
1178822049,ALGOs 50
1178822049,ALGOs 50
1178822049,ALGOs 50
1178822049,ALGOs 50
1178822049,ALGOs 50
1178822049,ALGOs 50
1178822049,ALGOs 50
1178822049,ALGOs 50
1178822049,ALGOs 50
1178822049,ALGOs 50
1178822049,ALGOs 50
1178822049,ALGOs 50
1178822049,ALGOs 50
1178822049,ALGOs 50
1178822049,ALGOs 50
1178822049,ALGOs 50
1178822049,ALGOs 50
1178822049,ALGOs 50
1178822049,ALGOs 50
1178822049,ALGOs 50
1178822049,ALGOs 50
1178822049,ALGOs 50
1178822049,ALGOs 50
1178822049,ALGOs 50
1178822049,ALGOs 50
1178822049,ALGOs 50
1178822049,ALGOs 50
1178822049,ALGOs 50
1178822049,ALGOs 50
1178822049,ALGOs 50
1178822049,ALGOs 50
1178822049,ALGOs 50
1178822049,ALGOs 50
1178822049,ALGOs 50
1178822049,ALGOs 50
1178822049,ALGOs 50
1178822049,ALGOs 50
1178822049,ALGOs 50
1178822049,ALGOs 50
1178822049,ALGOs 50
1178822049,ALGOs 50
1178822049,ALGOs 50
1178822049,ALGOs 50
1178822049,ALGOs 50
1178822049,ALGOs 50
1178822049,ALGOs 50
1178822049,ALGOs 50
1178822049,ALGOs 50
1178822049,ALGOs 50
1178822049,ALGOs 50
1178822049,ALGOs 50
1178822049,ALGOs 50
1178822049,ALGOs 50
1178822049,ALGOs 50
1178822049,ALGOs 50
1178822049,ALGOs 50
1178822049,ALGOs 50
1178822049,ALGOs 50
1178822049,ALGOs 50
1178822049,ALGOs 50
1178822049,ALGOs 50
1178822049,ALGOs 50
1178822049,ALGOs 50
1178822049,ALGOs 50
1178822049,ALGOs 50
1178822049,ALGOs 50
1178822049,ALGOs 50
1178822049,ALGOs 50
1178822049,ALGOs 50
1178822049,ALGOs 50
1178822049,ALGOs 50
1178822049,ALGOs 50
1178822049,ALGOs 50
1178822049,ALGOs 50
1178822049,ALGOs 50
1178822049,ALGOs 50
1178822049,ALGOs 50
1178822049,ALGOs 50
1178822049,ALGOs 50
1178822049,ALGOs 50
1178822049,ALGOs 50
1178822049,ALGOs 50
1178822049,ALGOs 50
1178822049,ALGOs 50
1178822049,ALGOs 50
1178822049,ALGOs 50
1178822049,ALGOs 50
1178822049,ALGOs 50
1178822049,ALGOs 50
1178822049,ALGOs 50
1178822049,ALGOs 50
1178822049,ALGOs 50
1178822049,ALGOs 50
1178822049,ALGOs 50
1178822049,ALGOs 50
1178822049,ALGOs 50
1178822049,ALGOs 50
1178822049,ALGOs 50
1178822049,ALGOs 50
1178822049,ALGOs 50
1178822049,ALGOs 50
1178822049,ALGOs 50
1178822049,ALGOs 50
1178822049,ALGOs 50
1178822049,ALGOs 50
1178822049,ALGOs 50
1178822049,ALGOs 50
1178822049,ALGOs 50
1178822049,ALGOs 50
1178822049,ALGOs 50
1178822049,ALGOs 50
1178822049,ALGOs 50
1178822049,ALGOs 50
1178822049,ALGOs 50
1178822049,ALGOs 50
1178822049,ALGOs 50
1178822049,ALGOs 50
1178822049,ALGOs 50
1178822049,ALGOs 50
1178822049,ALGOs 50
1178822049,ALGOs 50
1178822049,ALGOs 50
1178822049,ALGOs 50
1178822049,ALGOs 50
1178822049,ALGOs 50
1178822049,ALGOs 50
1178822049,ALGOs 50
1178822049,ALGOs 50
1178822049,ALGOs 50
1178822049,ALGOs 50
1178822049,ALGOs 50
1178822049,ALGOs 50
1178822049,ALGOs 50
1178822049,ALGOs 50
1178822049,ALGOs 50
1178822049,ALGOs 50
1178822049,ALGOs 50
1178822049,ALGOs 50
1178822049,ALGOs 50
1178822049,ALGOs 50
1178822049,ALGOs 50
1178822049,ALGOs 50
1178822049,ALGOs 50
1178822049,ALGOs 50
1178822049,ALGOs 50
1178822049,ALGOs 50
1178822049,ALGOs 50
1178822049,ALGOs 50
1178822049,ALGOs 50
1178822049,ALGOs 50
1178822049,ALGOs 50
1178822049,ALGOs 50
1178822049,ALGOs 50
1178822049,ALGOs 50
1178822049,ALGOs 50
1178822049,ALGOs 50
1178822049,ALGOs 50
1178822049,ALGOs 50
1178822049,ALGOs 50
1178822049,ALGOs 50
1178822049,ALGOs 50
1178822049,ALGOs 50
1178822049,ALGOs 50
1178822049,ALGOs 50
1178822049,ALGOs 50
1178822049,ALGOs 50
1178822049,ALGOs 50
1178822049,ALGOs 50
1178822049,ALGOs 50
1178822049,ALGOs 50
1178822049,ALGOs 50
1178822049,ALGOs 50
1178822049,ALGOs 50
1178822049,ALGOs 50
1178822049,ALGOs 50
1178822049,ALGOs 50
1178822049,ALGOs 50
1178822049,ALGOs 50
1178822049,ALGOs 50
1178822049,ALGOs 50
1178822049,ALGOs 50
1178822049,ALGOs 50
1178822049,ALGOs 50
1178822049,ALGOs 50
1178822049,ALGOs 50
1178822049,ALGOs 50
1178822049,ALGOs 50
1178822049,ALGOs 50
1178822049,ALGOs 50
1178822049,ALGOs 50
1178822049,ALGOs 50
1178822049,ALGOs 50
1178822049,ALGOs 50
1178822049,ALGOs 50
1178822049,ALGOs 50
1178822049,ALGOs 50
1178822049,ALGOs 50
1178822049,ALGOs 50
1178822049,ALGOs 50
1178822049,ALGOs 50
1178822049,ALGOs 50
1178822049,ALGOs 50
1178822049,ALGOs 50
1178822049,ALGOs 50
1178822049,ALGOs 50
1178822049,ALGOs 50
1178822049,ALGOs 50
1178822049,ALGOs 50
1178822049,ALGOs 50
1178822049,ALGOs 50
1178822049,ALGOs 50
1178822049,ALGOs 50
1178822049,ALGOs 50
1178822049,ALGOs 50
1178822049,ALGOs 50
1178822049,ALGOs 50
1178822049,ALGOs 50
1178822049,ALGOs 50
1178822049,ALGOs 50
1178822049,ALGOs 50
1178822049,ALGOs 50
1178822049,ALGOs 50
1178822049,ALGOs 50
1178822049,ALGOs 50
1178822049,ALGOs 50
1178822049,ALGOs 50
1178822049,ALGOs 50
1178822049,ALGOs 50
1178822049,ALGOs 50
1178822049,ALGOs 50
1178822049,ALGOs 50
1178822049,ALGOs 50
1178822049,ALGOs 50
1178822049,ALGOs 50
1178822049,ALGOs 50
1178822049,ALGOs 50
1178822049,ALGOs 50
1178822049,ALGOs 50
1178822049,ALGOs 50
1178822049,ALGOs 50
1178822049,ALGOs 50
1178822049,ALGOs 50
1178822049,ALGOs 50
1178822049,ALGOs 50
1178822049,ALGOs 50
1178822049,ALGOs 50
1178822049,ALGOs 50
1178822049,ALGOs 50
1178822049,ALGOs 50
1178822049,ALGOs 50
1178822049,ALGOs 50
1178822049,ALGOs 50
1178822049,ALGOs 50
1178822049,ALGOs 50
1178822049,ALGOs 50
1178822049,ALGOs 50
1178822049,ALGOs 50
1178822049,ALGOs 50
1178822049,ALGOs 50
1178822049,ALGOs 50
1178822049,ALGOs 50
1178822049,ALGOs 50
1178822049,ALGOs 50
1178822049,ALGOs 50
1178822049,ALGOs 50
1178822049,ALGOs 50
1178822049,ALGOs 50
1178822049,ALGOs 50
1178822049,ALGOs 50
1178822049,ALGOs 50
1178822049,ALGOs 50
1178822049,ALGOs 50
1178822049,ALGOs 50
1178822049,ALGOs 50
1178822049,ALGOs 50
1178822049,ALGOs 50
1178822049,ALGOs 50
1178822049,ALGOs 50
1178822049,ALGOs 50
1178822049,ALGOs 50
1178822049,ALGOs 50
1178822049,ALGOs 50
1178822049,ALGOs 50
1178822049,ALGOs 50
1178822049,ALGOs 50
1178822049,ALGOs 50
1178822049,ALGOs 50
1178822049,ALGOs 50
1178822049,ALGOs 50
1178822049,ALGOs 50
1178822049,ALGOs 50
1178822049,ALGOs 50
1178822049,ALGOs 50
1178822049,ALGOs 50
1178822049,ALGOs 50
1178822049,ALGOs 50
1178822049,ALGOs 50
1178822049,ALGOs 50
1178822049,ALGOs 50
1178822049,ALGOs 50
1178822049,ALGOs 50
1178822049,ALGOs 50
1178822049,ALGOs 50
1178822049,ALGOs 50
1178822049,ALGOs 50
1178822049,ALGOs 50
1178822049,ALGOs 50
1178822049,ALGOs 50
1178822049,ALGOs 50
1178822049,ALGOs 50
1178822049,ALGOs 50
1178822049,ALGOs 50
1178822049,ALGOs 50
1178822049,ALGOs 50
1178822049,ALGOs 50
1178822049,ALGOs 50
1178822049,ALGOs 50
1178822049,ALGOs 50
1178822049,ALGOs 50
1178822049,ALGOs 50
1178822049,ALGOs 50
1178822049,ALGOs 50
1178822049,ALGOs 50
1178822049,ALGOs 50
1178822049,ALGOs 50
1178822049,ALGOs 50
1178822049,ALGOs 50
1178822049,ALGOs 50
1178822049,ALGOs 50
1178822049,ALGOs 50
1178822049,ALGOs 50
1178822049,ALGOs 50
1178822049,ALGOs 50
1178822049,ALGOs 50
1178822049,ALGOs 50
1178822049,ALGOs 50
1178822049,ALGOs 50
1178822049,ALGOs 50
1178822049,ALGOs 50
1178822049,ALGOs 50
1178822049,ALGOs 50
1178822049,ALGOs 50
1178822049,ALGOs 50
1178822049,ALGOs 50
1178822049,ALGOs 50
1178822049,ALGOs 50
1178822049,ALGOs 50
1178822049,ALGOs 50
1178822049,ALGOs 50
1178822049,ALGOs 50
1178822049,ALGOs 50
1178822049,ALGOs 50
1178822049,ALGOs 50
1178822049,ALGOs 50
1178822049,ALGOs 50
1178822049,ALGOs 50
1178822049,ALGOs 50
1178822049,ALGOs 50
1178822049,ALGOs 50
1178822049,ALGOs 50
1178822049,ALGOs 50
1178822049,ALGOs 50
1178822049,ALGOs 50
1178822049,ALGOs 50
1178822049,ALGOs 50
1178822049,ALGOs 50
1178822049,ALGOs 50
1178822049,ALGOs 50
1178822049,ALGOs 50
1017849008,Mental Marvin #892
1017906074,Mental Marvin #1193
1017975631,Mental Marvin #2085
1017986678,Mental Marvin #2289
1017997355,Mental Marvin #2470
1018042496,Mental Marvin #3051
1017828064,Mental Marvin #442
1044115597,Haramboi #1153
1044117606,Haramboi #1189
1044118804,Haramboi #1211
1044129480,Haramboi #1336
1044131887,Haramboi #1363
1044137394,Haramboi #1453
1044053225,Haramboi #280
1044060368,Haramboi #350
1044061395,Haramboi #366
1044070319,Haramboi #499
1044035442,Haramboi #70
1044094382,Haramboi #812
1044103170,Haramboi #943
871517076,Tucan Tribe #352
872538171,Tucan Tribe #3917
872614014,Tucan Tribe #4903
872648697,Tucan Tribe #5609
871515983,Tucan Tribe #59
872338076,Tucan Tribe #1985
764533312,Poppin Puffins #3860
1044117465,Haramboi #1186
1044067073,Haramboi #457
964262688,KRAX THE ALGOLEM 389
964262961,KRAX THE ALGOLEM 617
964262977,KRAX THE ALGOLEM 631
964262993,KRAX THE ALGOLEM 645
964263000,KRAX THE ALGOLEM 652
770179288,Dragon #1196
1178822273,ALGOs 25
1178822273,ALGOs 25
1178822273,ALGOs 25
1178822273,ALGOs 25
1178822273,ALGOs 25
1178822273,ALGOs 25
1178822273,ALGOs 25
1178822273,ALGOs 25
1178822273,ALGOs 25
1178822273,ALGOs 25
1178822273,ALGOs 25
1178822273,ALGOs 25
1178822273,ALGOs 25
1178822273,ALGOs 25
1178822273,ALGOs 25
1178822273,ALGOs 25
1178822273,ALGOs 25
1178822273,ALGOs 25
1178822273,ALGOs 25
1178822273,ALGOs 25
1178822273,ALGOs 25
1178822273,ALGOs 25
1178822273,ALGOs 25
1178822273,ALGOs 25
1178822273,ALGOs 25
1178822273,ALGOs 25
1178822273,ALGOs 25
1178822273,ALGOs 25
1178822273,ALGOs 25
1178822273,ALGOs 25
1178822273,ALGOs 25
1178822273,ALGOs 25
1178822273,ALGOs 25
1178822273,ALGOs 25
1178822273,ALGOs 25
1178822273,ALGOs 25
1178822273,ALGOs 25
1178822273,ALGOs 25
1178822273,ALGOs 25
1178822273,ALGOs 25
1178822273,ALGOs 25
1178822273,ALGOs 25
1178822273,ALGOs 25
1178822273,ALGOs 25
1178822273,ALGOs 25
1178822273,ALGOs 25
1178822273,ALGOs 25
1178822273,ALGOs 25
1178822273,ALGOs 25
1178822273,ALGOs 25
1178822273,ALGOs 25
1178822273,ALGOs 25
1178822273,ALGOs 25
1178822273,ALGOs 25
1178822273,ALGOs 25
1178822273,ALGOs 25
1178822273,ALGOs 25
1178822273,ALGOs 25
1178822273,ALGOs 25
1178822273,ALGOs 25
1178822273,ALGOs 25
1178822273,ALGOs 25
1178822273,ALGOs 25
1178822273,ALGOs 25
1178822273,ALGOs 25
1178822273,ALGOs 25
1178822273,ALGOs 25
1178822273,ALGOs 25
1178822273,ALGOs 25
1178822273,ALGOs 25
1178822273,ALGOs 25
1178822273,ALGOs 25
1178822273,ALGOs 25
1178822273,ALGOs 25
1178822273,ALGOs 25
1178822273,ALGOs 25
1178822273,ALGOs 25
1178822273,ALGOs 25
1178822273,ALGOs 25
1178822273,ALGOs 25
1178822273,ALGOs 25
1178822273,ALGOs 25
1178822273,ALGOs 25
1178822273,ALGOs 25
1178822273,ALGOs 25
1178822273,ALGOs 25
1178822273,ALGOs 25
1178822273,ALGOs 25
1178822273,ALGOs 25
1178822273,ALGOs 25
1178822273,ALGOs 25
1178822273,ALGOs 25
1178822273,ALGOs 25
1178822273,ALGOs 25
1178822273,ALGOs 25
1178822273,ALGOs 25
1178822273,ALGOs 25
1178822273,ALGOs 25
1178822273,ALGOs 25
1178822273,ALGOs 25
1178822273,ALGOs 25
1178822273,ALGOs 25
1178822273,ALGOs 25
1178822273,ALGOs 25
1178822273,ALGOs 25
1178822273,ALGOs 25
1178822273,ALGOs 25
1178822273,ALGOs 25
1178822273,ALGOs 25
1178822273,ALGOs 25
1178822273,ALGOs 25
1178822273,ALGOs 25
1178822273,ALGOs 25
1178822273,ALGOs 25
1178822273,ALGOs 25
1178822273,ALGOs 25
1178822273,ALGOs 25
1178822273,ALGOs 25
1178822273,ALGOs 25
1178822273,ALGOs 25
1178822273,ALGOs 25
1178822273,ALGOs 25
1178822273,ALGOs 25
1178822273,ALGOs 25
1178822273,ALGOs 25
1178822273,ALGOs 25
1178822273,ALGOs 25
1178822273,ALGOs 25
1178822273,ALGOs 25
1178822273,ALGOs 25
1178822273,ALGOs 25
1178822273,ALGOs 25
1178822273,ALGOs 25
1178822273,ALGOs 25
1178822273,ALGOs 25
1178822273,ALGOs 25
1178822273,ALGOs 25
1178822273,ALGOs 25
1178822273,ALGOs 25
1178822273,ALGOs 25
1178822273,ALGOs 25
1178822273,ALGOs 25
1178822273,ALGOs 25
1178822273,ALGOs 25
1178822273,ALGOs 25
1178822273,ALGOs 25
1178822273,ALGOs 25
1178822273,ALGOs 25
1178822273,ALGOs 25
1178822273,ALGOs 25
1178822273,ALGOs 25
1178822273,ALGOs 25
1178822273,ALGOs 25
1178822273,ALGOs 25
1178822273,ALGOs 25
1178822273,ALGOs 25
1178822273,ALGOs 25
1178822273,ALGOs 25
1178822273,ALGOs 25
1178822273,ALGOs 25
1178822273,ALGOs 25
1178822273,ALGOs 25
1178822273,ALGOs 25
1178822273,ALGOs 25
1178822273,ALGOs 25
1178822273,ALGOs 25
1178822273,ALGOs 25
1178822273,ALGOs 25
1178822273,ALGOs 25
1178822273,ALGOs 25
1178822273,ALGOs 25
1178822273,ALGOs 25
1178822273,ALGOs 25
1178822273,ALGOs 25
1178822273,ALGOs 25
1178822273,ALGOs 25
1178822273,ALGOs 25
1178822273,ALGOs 25
1178822273,ALGOs 25
1178822273,ALGOs 25
1178822273,ALGOs 25
1178822273,ALGOs 25
1178822273,ALGOs 25
1178822273,ALGOs 25
1178822273,ALGOs 25
1178822273,ALGOs 25
1178822273,ALGOs 25
1178822273,ALGOs 25
1178822273,ALGOs 25
1178822273,ALGOs 25
1178822273,ALGOs 25
1178822273,ALGOs 25
1178822273,ALGOs 25
1178822273,ALGOs 25
1178822273,ALGOs 25
1178822273,ALGOs 25
1178822273,ALGOs 25
1178822273,ALGOs 25
1178822273,ALGOs 25
1178822273,ALGOs 25
1178822273,ALGOs 25
1178822273,ALGOs 25
1178822273,ALGOs 25
1178822273,ALGOs 25
1178822273,ALGOs 25
1178822273,ALGOs 25
1178822273,ALGOs 25
1178822273,ALGOs 25
1178822273,ALGOs 25
1178822273,ALGOs 25
1178822273,ALGOs 25
1178822273,ALGOs 25
1178822273,ALGOs 25
1178822273,ALGOs 25
1178822273,ALGOs 25
1178822273,ALGOs 25
1178822273,ALGOs 25
1178822273,ALGOs 25
1178822273,ALGOs 25
1178822273,ALGOs 25
1178822273,ALGOs 25
1178822273,ALGOs 25
1178822273,ALGOs 25
1178822273,ALGOs 25
1178822273,ALGOs 25
1178822273,ALGOs 25
1178822273,ALGOs 25
1178822273,ALGOs 25
1178822273,ALGOs 25
1178822273,ALGOs 25
1178822273,ALGOs 25
1178822273,ALGOs 25
1178822273,ALGOs 25
1178822273,ALGOs 25
1178822273,ALGOs 25
1178822273,ALGOs 25
1178822273,ALGOs 25
1178822273,ALGOs 25
1178822273,ALGOs 25
1178822273,ALGOs 25
1178822273,ALGOs 25
1178822273,ALGOs 25
1178822273,ALGOs 25
1178822273,ALGOs 25
1178822273,ALGOs 25
1178822273,ALGOs 25
1178822273,ALGOs 25
1178822273,ALGOs 25
1178822273,ALGOs 25
1178822273,ALGOs 25
1178822273,ALGOs 25
1178822273,ALGOs 25
1178822273,ALGOs 25
1178822273,ALGOs 25
1178822273,ALGOs 25
1178822273,ALGOs 25
1178822273,ALGOs 25
1178822273,ALGOs 25
1178822273,ALGOs 25
1178822273,ALGOs 25
1178822273,ALGOs 25
1178822273,ALGOs 25
1178822273,ALGOs 25
1178822273,ALGOs 25
1178822273,ALGOs 25
1178822273,ALGOs 25
1178822273,ALGOs 25
1178822273,ALGOs 25
1178822273,ALGOs 25
1178822273,ALGOs 25
1178822273,ALGOs 25
1178822273,ALGOs 25
1178822273,ALGOs 25
1178822273,ALGOs 25
1178822273,ALGOs 25
1178822273,ALGOs 25
1178822273,ALGOs 25
1178822273,ALGOs 25
1178822273,ALGOs 25
1178822273,ALGOs 25
1178822273,ALGOs 25
1178822273,ALGOs 25
1178822273,ALGOs 25
1178822273,ALGOs 25
1178822273,ALGOs 25
1178822273,ALGOs 25
1178822273,ALGOs 25
1178822273,ALGOs 25
1178822273,ALGOs 25
1178822273,ALGOs 25
1178822273,ALGOs 25
1178822273,ALGOs 25
1178822273,ALGOs 25
1178822273,ALGOs 25
1178822273,ALGOs 25
1178822273,ALGOs 25
1178822273,ALGOs 25
1178822273,ALGOs 25
1178822273,ALGOs 25
1178822273,ALGOs 25
1178822273,ALGOs 25
1178822273,ALGOs 25
1178822273,ALGOs 25
1178822273,ALGOs 25
1178822273,ALGOs 25
1178822273,ALGOs 25
1178822273,ALGOs 25
1178822273,ALGOs 25
1178822273,ALGOs 25
1178822273,ALGOs 25
1178822273,ALGOs 25
1178822273,ALGOs 25
1178822273,ALGOs 25
1178822273,ALGOs 25
1178822273,ALGOs 25
1178822273,ALGOs 25
1178822273,ALGOs 25
1178822273,ALGOs 25
1178822273,ALGOs 25
1178822273,ALGOs 25
1178822273,ALGOs 25
1178822273,ALGOs 25
1178822273,ALGOs 25
1178822273,ALGOs 25
1178822273,ALGOs 25
1178822273,ALGOs 25
1178822273,ALGOs 25
1178822273,ALGOs 25
1178822273,ALGOs 25
1178822273,ALGOs 25
1178822273,ALGOs 25
1178822273,ALGOs 25
1178822273,ALGOs 25
1178822273,ALGOs 25
1178822273,ALGOs 25
1178822273,ALGOs 25
1178822273,ALGOs 25
1178822273,ALGOs 25
1178822273,ALGOs 25
1178822273,ALGOs 25
1178822273,ALGOs 25
1178822273,ALGOs 25
1178822273,ALGOs 25
1178822273,ALGOs 25
1178822273,ALGOs 25
1178822273,ALGOs 25
1178822273,ALGOs 25
1178822273,ALGOs 25
1178822273,ALGOs 25
1178822273,ALGOs 25
1178822273,ALGOs 25
1178822273,ALGOs 25
1178822273,ALGOs 25
1178822273,ALGOs 25
1178822273,ALGOs 25
1178822273,ALGOs 25
1178822273,ALGOs 25
1178822273,ALGOs 25
1178822273,ALGOs 25
1178822273,ALGOs 25
1178822273,ALGOs 25
1178822273,ALGOs 25
1178822273,ALGOs 25
1178822273,ALGOs 25
1178822273,ALGOs 25
1178822273,ALGOs 25
1178822273,ALGOs 25
1178822273,ALGOs 25
1178822273,ALGOs 25
1178822273,ALGOs 25
1178822273,ALGOs 25
1178822273,ALGOs 25
1178822273,ALGOs 25
1178822273,ALGOs 25
1178822273,ALGOs 25
1178822273,ALGOs 25
1178822273,ALGOs 25
1178822273,ALGOs 25
1178822273,ALGOs 25
1178822273,ALGOs 25
1178822273,ALGOs 25
1178822273,ALGOs 25
1178822273,ALGOs 25
1178822273,ALGOs 25
1178822273,ALGOs 25
1178822273,ALGOs 25
1178822273,ALGOs 25
1178822273,ALGOs 25
1178822273,ALGOs 25
1178822273,ALGOs 25
1178822273,ALGOs 25
1178822273,ALGOs 25
1178822273,ALGOs 25
1178822273,ALGOs 25
1178822273,ALGOs 25
1178822273,ALGOs 25
1178822273,ALGOs 25
1178822273,ALGOs 25
1178822273,ALGOs 25
1178822273,ALGOs 25
1178822273,ALGOs 25
1178822273,ALGOs 25
1178822273,ALGOs 25
1178822273,ALGOs 25
1178822273,ALGOs 25
1178822273,ALGOs 25
1178822273,ALGOs 25
1178822273,ALGOs 25
1178822273,ALGOs 25
1178822273,ALGOs 25
1178822273,ALGOs 25
1178822273,ALGOs 25
1178822273,ALGOs 25
1178822273,ALGOs 25
1178822273,ALGOs 25
1178822273,ALGOs 25
1178822273,ALGOs 25
1178822273,ALGOs 25
1178822273,ALGOs 25
1178822273,ALGOs 25
1178822273,ALGOs 25
1178822273,ALGOs 25
1178822273,ALGOs 25
1178822273,ALGOs 25
1178822273,ALGOs 25
1178822273,ALGOs 25
1178822273,ALGOs 25
1178822273,ALGOs 25
1178822273,ALGOs 25
1178822273,ALGOs 25
1178822273,ALGOs 25
1178822273,ALGOs 25
1178822273,ALGOs 25
1178822273,ALGOs 25
1178822273,ALGOs 25
1178822273,ALGOs 25
1178822273,ALGOs 25
1178822273,ALGOs 25
1178822273,ALGOs 25
1178822273,ALGOs 25
1178822273,ALGOs 25
1178822273,ALGOs 25
1178822273,ALGOs 25
1178822273,ALGOs 25
1178822273,ALGOs 25
1178822273,ALGOs 25
1178822273,ALGOs 25
1178822273,ALGOs 25
1178822273,ALGOs 25
1178822273,ALGOs 25
1178822273,ALGOs 25
1178822273,ALGOs 25
1178822273,ALGOs 25
1178822273,ALGOs 25
1178822273,ALGOs 25
1178822273,ALGOs 25
1178822273,ALGOs 25
1178822273,ALGOs 25
1178822273,ALGOs 25
1178822273,ALGOs 25
1178822273,ALGOs 25
1178822273,ALGOs 25
1178822273,ALGOs 25
1178822273,ALGOs 25
1178822273,ALGOs 25
1178822273,ALGOs 25
1178822273,ALGOs 25
1178822273,ALGOs 25
1178822273,ALGOs 25
1178822273,ALGOs 25
1178822273,ALGOs 25
1178822273,ALGOs 25
1178822273,ALGOs 25
1178822273,ALGOs 25
1178822273,ALGOs 25
1178822273,ALGOs 25
1178822273,ALGOs 25
1178822273,ALGOs 25
1178822273,ALGOs 25
1178822273,ALGOs 25
1178822273,ALGOs 25
1178822273,ALGOs 25
1178822273,ALGOs 25
1178822273,ALGOs 25
1178822273,ALGOs 25
1178822273,ALGOs 25
1178822273,ALGOs 25
1178822273,ALGOs 25
1178822273,ALGOs 25
1178822273,ALGOs 25
1178822273,ALGOs 25
1178822273,ALGOs 25
1178822273,ALGOs 25
1178822273,ALGOs 25
1178822273,ALGOs 25
1178822273,ALGOs 25
1178822273,ALGOs 25
1178822273,ALGOs 25
1178822273,ALGOs 25
1178822273,ALGOs 25
1178822273,ALGOs 25
1178822273,ALGOs 25
1178822273,ALGOs 25
1178822273,ALGOs 25
1178822273,ALGOs 25
1178822273,ALGOs 25
1178822273,ALGOs 25
1178822273,ALGOs 25
1178822273,ALGOs 25
1178822273,ALGOs 25
1178822273,ALGOs 25
1178822273,ALGOs 25
1178822273,ALGOs 25
1178822273,ALGOs 25
1178822273,ALGOs 25
1178822273,ALGOs 25
1178822273,ALGOs 25
1178822273,ALGOs 25
1178822273,ALGOs 25
1178822273,ALGOs 25
1178822273,ALGOs 25
1178822273,ALGOs 25
1178822273,ALGOs 25
1178822273,ALGOs 25
1178822273,ALGOs 25
1178822273,ALGOs 25
1178822273,ALGOs 25
1178822273,ALGOs 25
1178822273,ALGOs 25
1178822273,ALGOs 25
1178822273,ALGOs 25
1178822273,ALGOs 25
1178822273,ALGOs 25
1178822273,ALGOs 25
1178822273,ALGOs 25
1178822273,ALGOs 25
1178822273,ALGOs 25
1178822273,ALGOs 25
1178822273,ALGOs 25
1178822273,ALGOs 25
1178822273,ALGOs 25
1178822273,ALGOs 25
1178822273,ALGOs 25
1178822273,ALGOs 25
1178822273,ALGOs 25
1178822273,ALGOs 25
1178822273,ALGOs 25
1178822273,ALGOs 25
1178822273,ALGOs 25
1178822273,ALGOs 25
1178822273,ALGOs 25
1178822273,ALGOs 25
1178822273,ALGOs 25
1178822273,ALGOs 25
1178822273,ALGOs 25
1178822273,ALGOs 25
1178822273,ALGOs 25
1178822273,ALGOs 25
1178822273,ALGOs 25
1178822273,ALGOs 25
1178822273,ALGOs 25
1178822273,ALGOs 25
1178822273,ALGOs 25
1178822273,ALGOs 25
1178822273,ALGOs 25
1178822273,ALGOs 25
1178822273,ALGOs 25
1178822273,ALGOs 25
1178822273,ALGOs 25
1178822273,ALGOs 25
1178822273,ALGOs 25
1178822273,ALGOs 25
1178822273,ALGOs 25
1178822273,ALGOs 25
1178822273,ALGOs 25
1178822273,ALGOs 25
1178822273,ALGOs 25
1178822273,ALGOs 25
1178822273,ALGOs 25
1178822273,ALGOs 25
1178822273,ALGOs 25
1178822273,ALGOs 25
1178822273,ALGOs 25
1178822273,ALGOs 25
1178822273,ALGOs 25
1178822273,ALGOs 25
1178822273,ALGOs 25
1178822273,ALGOs 25
1178822273,ALGOs 25
1178822273,ALGOs 25
1178822273,ALGOs 25
1178822273,ALGOs 25
1178822273,ALGOs 25
1178822273,ALGOs 25
1178822273,ALGOs 25
1178822273,ALGOs 25
1178822273,ALGOs 25
1178822273,ALGOs 25
1178822273,ALGOs 25
1178822273,ALGOs 25
1178822273,ALGOs 25
1178822273,ALGOs 25
1178822273,ALGOs 25
1178822273,ALGOs 25
1178822273,ALGOs 25
1178822273,ALGOs 25
1178822273,ALGOs 25
1178822273,ALGOs 25
1178822273,ALGOs 25
1178822273,ALGOs 25
1178822273,ALGOs 25
1178822273,ALGOs 25
1178822273,ALGOs 25
1178822273,ALGOs 25
1178822273,ALGOs 25
1178822273,ALGOs 25
1178822273,ALGOs 25
1178822273,ALGOs 25
1178822273,ALGOs 25
1178822273,ALGOs 25
1178822273,ALGOs 25
1178822273,ALGOs 25
1178822273,ALGOs 25
1178822273,ALGOs 25
1178822273,ALGOs 25
1178822273,ALGOs 25
1178822273,ALGOs 25
1178822273,ALGOs 25
1178822273,ALGOs 25
1178822273,ALGOs 25
1178822273,ALGOs 25
1178822273,ALGOs 25
1178822273,ALGOs 25
1178822273,ALGOs 25
1178822273,ALGOs 25
1178822273,ALGOs 25
1178822273,ALGOs 25
1178822273,ALGOs 25
1178822273,ALGOs 25
1178822273,ALGOs 25
1178822273,ALGOs 25
1178822273,ALGOs 25
1178822273,ALGOs 25
1178822273,ALGOs 25
1178822273,ALGOs 25
1178822273,ALGOs 25
1178822273,ALGOs 25
1178822273,ALGOs 25
1178822273,ALGOs 25
1178822273,ALGOs 25
1178822273,ALGOs 25
1178822273,ALGOs 25
1178822273,ALGOs 25
1178822273,ALGOs 25
1178822273,ALGOs 25
1178822273,ALGOs 25
1178822273,ALGOs 25
1178822273,ALGOs 25
1178822273,ALGOs 25
1178822273,ALGOs 25
1178822273,ALGOs 25
1178822273,ALGOs 25
1178822273,ALGOs 25
1178822273,ALGOs 25
1178822273,ALGOs 25
1178822273,ALGOs 25
1178822273,ALGOs 25
1178822273,ALGOs 25
1178822273,ALGOs 25
1178822273,ALGOs 25
1178822273,ALGOs 25
1178822273,ALGOs 25
1178822273,ALGOs 25
1178822273,ALGOs 25
1178822273,ALGOs 25
1178822273,ALGOs 25
1178822273,ALGOs 25
1178822273,ALGOs 25
1178822273,ALGOs 25
1178822273,ALGOs 25
1178822273,ALGOs 25
1178822273,ALGOs 25
1178822273,ALGOs 25
1178822273,ALGOs 25
1178822273,ALGOs 25
1178822273,ALGOs 25
1178822273,ALGOs 25
1178822273,ALGOs 25
1178822273,ALGOs 25
1178822273,ALGOs 25
1178822273,ALGOs 25
1178822273,ALGOs 25
1178822273,ALGOs 25
1178822273,ALGOs 25
1178822273,ALGOs 25
1178822273,ALGOs 25
1178822273,ALGOs 25
1178822273,ALGOs 25
1178822273,ALGOs 25
1178822273,ALGOs 25
1178822273,ALGOs 25
1178822273,ALGOs 25
1178822273,ALGOs 25
1178822273,ALGOs 25
1178822273,ALGOs 25
1178822273,ALGOs 25
1178822273,ALGOs 25
1178822273,ALGOs 25
1178822273,ALGOs 25
1178822273,ALGOs 25
1178822273,ALGOs 25
1178822273,ALGOs 25
1178822273,ALGOs 25
1178822273,ALGOs 25
1178822273,ALGOs 25
1178822273,ALGOs 25
1178822273,ALGOs 25
1178822273,ALGOs 25
1178822273,ALGOs 25
1178822273,ALGOs 25
1178822273,ALGOs 25
1178822273,ALGOs 25
1178822273,ALGOs 25
1178822273,ALGOs 25
1178822273,ALGOs 25
1178822273,ALGOs 25
1178822273,ALGOs 25
1178822273,ALGOs 25
1178822273,ALGOs 25
1178822273,ALGOs 25
1178822273,ALGOs 25
1178822273,ALGOs 25
1178822273,ALGOs 25
1178822273,ALGOs 25
1178822273,ALGOs 25
1178822273,ALGOs 25
1178822273,ALGOs 25
1178822273,ALGOs 25
1178822273,ALGOs 25
1178822273,ALGOs 25
1178822273,ALGOs 25
1178822273,ALGOs 25
1178822273,ALGOs 25
1178822273,ALGOs 25
1178822273,ALGOs 25
1178822273,ALGOs 25
1178822273,ALGOs 25
1178822273,ALGOs 25
1178822273,ALGOs 25
1178822273,ALGOs 25
1178822273,ALGOs 25
1178822273,ALGOs 25
1178822273,ALGOs 25
1178822273,ALGOs 25
1178822273,ALGOs 25
1178822273,ALGOs 25
1178822273,ALGOs 25
1178822273,ALGOs 25
1178822273,ALGOs 25
1178822273,ALGOs 25
1178822273,ALGOs 25
1178822273,ALGOs 25
1178822273,ALGOs 25
1178822273,ALGOs 25
1178822273,ALGOs 25
1178822273,ALGOs 25
1178822273,ALGOs 25
1178822273,ALGOs 25
1178822273,ALGOs 25
1178822273,ALGOs 25
1178822273,ALGOs 25
1178822273,ALGOs 25
1178822273,ALGOs 25
1178822273,ALGOs 25
1178822273,ALGOs 25
1178822273,ALGOs 25
1178822273,ALGOs 25
1178822273,ALGOs 25
1178822273,ALGOs 25
1178822273,ALGOs 25
1178822273,ALGOs 25
1178822273,ALGOs 25
1178822273,ALGOs 25
1178822273,ALGOs 25
1178822273,ALGOs 25
1178822273,ALGOs 25
1178822273,ALGOs 25
1178822273,ALGOs 25
1178822273,ALGOs 25
1178822273,ALGOs 25
1178822273,ALGOs 25
1178822273,ALGOs 25
1178822273,ALGOs 25
1178822273,ALGOs 25
1178822273,ALGOs 25
1178822273,ALGOs 25
1178822273,ALGOs 25
1178822273,ALGOs 25
1178822273,ALGOs 25
1178822273,ALGOs 25
1178822273,ALGOs 25
1178822273,ALGOs 25
1178822273,ALGOs 25
1178822273,ALGOs 25
1178822273,ALGOs 25
1178822273,ALGOs 25
1178822273,ALGOs 25
1178822273,ALGOs 25
1178822273,ALGOs 25
1178822273,ALGOs 25
1178822273,ALGOs 25
1178822273,ALGOs 25
1178822273,ALGOs 25
1178822273,ALGOs 25
1178822273,ALGOs 25
1178822273,ALGOs 25
1178822273,ALGOs 25
1178822273,ALGOs 25
1178822273,ALGOs 25
1178822273,ALGOs 25
1178822273,ALGOs 25
1178822273,ALGOs 25
1178822273,ALGOs 25
1178822273,ALGOs 25
1178822273,ALGOs 25
1178822273,ALGOs 25
1178822273,ALGOs 25
1178822273,ALGOs 25
1178822273,ALGOs 25
1178822273,ALGOs 25
1178822273,ALGOs 25
1178822273,ALGOs 25
1178822273,ALGOs 25
1178822273,ALGOs 25
1178822273,ALGOs 25
1178822273,ALGOs 25
1178822273,ALGOs 25
1178822273,ALGOs 25
1178822273,ALGOs 25
1178822273,ALGOs 25
1178822273,ALGOs 25
1178822273,ALGOs 25
1178822273,ALGOs 25
1178822273,ALGOs 25
1178822273,ALGOs 25
1178822273,ALGOs 25
1178822273,ALGOs 25
1178822273,ALGOs 25
1178822273,ALGOs 25
1178822273,ALGOs 25
1178822273,ALGOs 25
1178822273,ALGOs 25
1178822273,ALGOs 25
1178822273,ALGOs 25
1178822273,ALGOs 25
1178822273,ALGOs 25
1178822273,ALGOs 25
1178822273,ALGOs 25
1178822273,ALGOs 25
1178822273,ALGOs 25
1178822273,ALGOs 25
1178822273,ALGOs 25
1178822273,ALGOs 25
1178822273,ALGOs 25
1178822273,ALGOs 25
1178822273,ALGOs 25
1178822273,ALGOs 25
1178822273,ALGOs 25
1178822273,ALGOs 25
1178822273,ALGOs 25
1178822273,ALGOs 25
1178822273,ALGOs 25
1178822273,ALGOs 25
1178822273,ALGOs 25
1178822273,ALGOs 25
1178822273,ALGOs 25
1178822273,ALGOs 25
1178822273,ALGOs 25
1178822273,ALGOs 25
1178822273,ALGOs 25
1178822273,ALGOs 25
1178822273,ALGOs 25
1178822273,ALGOs 25
1178822273,ALGOs 25
1178822273,ALGOs 25
1178822273,ALGOs 25
1178822273,ALGOs 25
1178822273,ALGOs 25
745100404,PIXEL CHIMPS #122
964262592,KRAX THE ALGOLEM 311
964262649,KRAX THE ALGOLEM 362
964262846,KRAX THE ALGOLEM 520
964262869,KRAX THE ALGOLEM 537
964263063,KRAX THE ALGOLEM 700
770264934,Dragon #1348
770265636,Dragon #1355
770306393,Dragon #1649
770095340,Dragon #690
964262326,KRAX THE ALGOLEM 101
964262341,KRAX THE ALGOLEM 114
964262372,KRAX THE ALGOLEM 138
964262503,KRAX THE ALGOLEM 250
964262516,KRAX THE ALGOLEM 259
964262518,KRAX THE ALGOLEM 261
964262525,KRAX THE ALGOLEM 268
964262552,KRAX THE ALGOLEM 281
964262555,KRAX THE ALGOLEM 284
964262559,KRAX THE ALGOLEM 288
964262572,KRAX THE ALGOLEM 297
964262234,KRAX THE ALGOLEM 33
964262629,KRAX THE ALGOLEM 345
964262631,KRAX THE ALGOLEM 347
964262666,KRAX THE ALGOLEM 376
964262690,KRAX THE ALGOLEM 391
964262710,KRAX THE ALGOLEM 407
964262712,KRAX THE ALGOLEM 409
964262784,KRAX THE ALGOLEM 472
964262789,KRAX THE ALGOLEM 477
964262800,KRAX THE ALGOLEM 481
964262825,KRAX THE ALGOLEM 502
964262848,KRAX THE ALGOLEM 522
964262894,KRAX THE ALGOLEM 559
964262316,KRAX THE ALGOLEM 94
847309465,Koba Ape #56
867606841,Koba Ape #237
856419323,Koba Ape #141
851826177,Koba Ape #122
855357919,Koba Ape #126
855359722,Koba Ape #127
855379956,Koba Ape #134
847191205,Koba Ape #15
858307771,Koba Ape #158
858402494,Koba Ape #161
858955621,Koba Ape #170
1013352360,Oasis BFF
1013352360,Oasis BFF
1013352360,Oasis BFF
1013352360,Oasis BFF
1013352360,Oasis BFF
1013352360,Oasis BFF
1013352360,Oasis BFF
1013352360,Oasis BFF
1013352360,Oasis BFF
1013352360,Oasis BFF
1013352360,Oasis BFF
1013352360,Oasis BFF
791381678,SINGULARITY ERA COMMEMORATIVE
791381678,SINGULARITY ERA COMMEMORATIVE
791381678,SINGULARITY ERA COMMEMORATIVE
791381678,SINGULARITY ERA COMMEMORATIVE
791381678,SINGULARITY ERA COMMEMORATIVE
791381678,SINGULARITY ERA COMMEMORATIVE
791381678,SINGULARITY ERA COMMEMORATIVE
791381678,SINGULARITY ERA COMMEMORATIVE
791381678,SINGULARITY ERA COMMEMORATIVE
791381678,SINGULARITY ERA COMMEMORATIVE
791381678,SINGULARITY ERA COMMEMORATIVE
791381678,SINGULARITY ERA COMMEMORATIVE
791381678,SINGULARITY ERA COMMEMORATIVE
791381678,SINGULARITY ERA COMMEMORATIVE
791381678,SINGULARITY ERA COMMEMORATIVE
791381678,SINGULARITY ERA COMMEMORATIVE
791381678,SINGULARITY ERA COMMEMORATIVE
791381678,SINGULARITY ERA COMMEMORATIVE
791381678,SINGULARITY ERA COMMEMORATIVE
791381678,SINGULARITY ERA COMMEMORATIVE
1013971535,Arc Shockray
1013971535,Arc Shockray
1013971535,Arc Shockray
1013971535,Arc Shockray
1013971535,Arc Shockray
1013971535,Arc Shockray
1013971535,Arc Shockray
1013971535,Arc Shockray
1013971535,Arc Shockray
1013971535,Arc Shockray
1013971535,Arc Shockray
1013971535,Arc Shockray
1014107768,Glider Pix
1014107768,Glider Pix
1014107768,Glider Pix
1014107768,Glider Pix
1014107768,Glider Pix
1014107768,Glider Pix
1014107768,Glider Pix
1014107768,Glider Pix
1014107768,Glider Pix
1014107768,Glider Pix
1014107768,Glider Pix
1014107768,Glider Pix
1013535480,Punchdown Jax
1013535480,Punchdown Jax
1013535480,Punchdown Jax
1013535480,Punchdown Jax
1013535480,Punchdown Jax
1013535480,Punchdown Jax
1013535480,Punchdown Jax
1013535480,Punchdown Jax
1013535480,Punchdown Jax
1013535480,Punchdown Jax
1013535480,Punchdown Jax
1013535480,Punchdown Jax
981349173,Red Chroma Cybi
981349173,Red Chroma Cybi
981349173,Red Chroma Cybi
981349173,Red Chroma Cybi
981349173,Red Chroma Cybi
981349173,Red Chroma Cybi
981349173,Red Chroma Cybi
981349173,Red Chroma Cybi
1014246764,Strike Hawk
1014246764,Strike Hawk
1014246764,Strike Hawk
1014246764,Strike Hawk
1014246764,Strike Hawk
1014246764,Strike Hawk
1014246764,Strike Hawk
1014246764,Strike Hawk
1014246764,Strike Hawk
1014246764,Strike Hawk
1014246764,Strike Hawk
1014246764,Strike Hawk
1013854047,Phantom Cyclops
1013854047,Phantom Cyclops
1013854047,Phantom Cyclops
1013854047,Phantom Cyclops
1013854047,Phantom Cyclops
1013854047,Phantom Cyclops
1013854047,Phantom Cyclops
1013854047,Phantom Cyclops
1013854047,Phantom Cyclops
1013854047,Phantom Cyclops
1013854047,Phantom Cyclops
1013854047,Phantom Cyclops
358439555,Knight
1004740920,AlgoRaccoon #1127
1004741575,AlgoRaccoon #1266
1004741629,AlgoRaccoon #1289
1004741843,AlgoRaccoon #1347
1004741845,AlgoRaccoon #1348
1004742532,AlgoRaccoon #1428
1004743489,AlgoRaccoon #1604
1004743556,AlgoRaccoon #1627
1004743819,AlgoRaccoon #1691
1004744042,AlgoRaccoon #1733
1004744241,AlgoRaccoon #1775
1004744666,AlgoRaccoon #1851
1004744887,AlgoRaccoon #1910
1004744956,AlgoRaccoon #1936
1004725319,AlgoRaccoon #647
1004726090,AlgoRaccoon #841
789222421,Baby Hoot Group #1011
789261335,Baby Hoot Group #1759
789277965,Baby Hoot Group #2020
789281414,Baby Hoot Group #2100
789313498,Baby Hoot Group #2463
836145812,Baby Hoot Group #256
789130744,Baby Hoot Group #331
789148957,Baby Hoot Group #527
789156065,Baby Hoot Group #645
751692975,Pixel Squirrels #1584
751721160,Pixel Squirrels #3275
751675132,Pixel Squirrels #380
751740838,Pixel Squirrels #4132
751750594,Pixel Squirrels #4694
751752293,Pixel Squirrels #4825
751761843,Pixel Squirrels #5542
751680111,Pixel Squirrels #657
751801961,Pixel Squirrels #8569
751810795,Pixel Squirrels #9189
618677821,Mantis #510
618685352,Mantis #511
618693016,Mantis #599
618693315,Mantis #610
618709334,Mantis #612
618711847,Mantis #686
618716744,Mantis #805
618722371,Mantis #879
618728769,Mantis #931
618730127,Mantis #941
618730727,Mantis #950
618733509,Mantis #974
540968336,Mantis 113
540979399,Mantis 137
542639025,Mantis 156
542652165,Mantis 172
542657509,Mantis 183
581136441,Mantis 270
588869658,Mantis 315
589548779,Mantis 338
591056489,Mantis 372
594728509,Mantis 399
605860948,Mantis 444
605874752,Mantis 467
498779486,Mantis 69
895916311,Lil Angels #11
895936993,Lil Angels #166
895938411,Lil Angels #176
895939729,Lil Angels #190
895939746,Lil Angels #197
895941197,Lil Angels #217
895942697,Lil Angels #235
895942702,Lil Angels #236
895942704,Lil Angels #237
895943316,Lil Angels #264
895944715,Lil Angels #291
895944733,Lil Angels #300
895944749,Lil Angels #308
895948014,Lil Angels #385
895948614,Lil Angels #398
895948632,Lil Angels #406
896632433,Lil Angels #443
896632445,Lil Angels #448
895922285,Lil Angels #48
895922293,Lil Angels #50
896636999,Lil Angels #506
895922297,Lil Angels #52
896637168,Lil Angels #535
896641315,Lil Angels #579
896641604,Lil Angels #651
896676386,Lil Angels #718
896676629,Lil Angels #731
896677055,Lil Angels #785
896677119,Lil Angels #813
896677326,Lil Angels #828
896677792,Lil Angels #900
896677800,Lil Angels #903
895929111,Lil Angels #92
896678159,Lil Angels #953
896706308,Lil Angels #982
1091067054,DOTSight #1
1091696380,DOTSight #1045
1091067985,DOTSight #11
1091702335,DOTSight #1151
1091703462,DOTSight #1165
1091703502,DOTSight #1166
1091703606,DOTSight #1168
1091705483,DOTSight #1189
1091730763,DOTSight #1278
1091738881,DOTSight #1334
1091740799,DOTSight #1345
1091741421,DOTSight #1351
1091742309,DOTSight #1363
1091743672,DOTSight #1376
1091744948,DOTSight #1378
1091749355,DOTSight #1418
1091750194,DOTSight #1428
1091751007,DOTSight #1436
1091764929,DOTSight #1523
1091766756,DOTSight #1542
1091820204,DOTSight #1600
1091833753,DOTSight #1618
1091834512,DOTSight #1624
1091837601,DOTSight #1640
1091837683,DOTSight #1641
1091839352,DOTSight #1654
1091843274,DOTSight #1678
1091843787,DOTSight #1683
1091844549,DOTSight #1690
1091847657,DOTSight #1706
1091936021,DOTSight #1729
1091937688,DOTSight #1758
1091939363,DOTSight #1775
1091939396,DOTSight #1776
1091939867,DOTSight #1785
1091944257,DOTSight #1820
1091944327,DOTSight #1821
1092507003,DOTSight #1897
1092514217,DOTSight #1964
1092514309,DOTSight #1966
1092514572,DOTSight #1972
1092516534,DOTSight #1986
1092524150,DOTSight #2056
1092524512,DOTSight #2064
1092528980,DOTSight #2081
1092529088,DOTSight #2084
1092542732,DOTSight #2169
1092543631,DOTSight #2177
1091068707,DOTSight #22
1092546046,DOTSight #2214
1092546396,DOTSight #2220
1092566074,DOTSight #2256
1092579413,DOTSight #2332
1092582894,DOTSight #2349
1092606244,DOTSight #2434
1092606540,DOTSight #2440
1092607113,DOTSight #2454
1092622164,DOTSight #2490
1092625009,DOTSight #2515
1092625802,DOTSight #2527
1092627483,DOTSight #2536
1092628908,DOTSight #2557
1092631940,DOTSight #2565
1092632268,DOTSight #2568
1092632404,DOTSight #2570
1092647194,DOTSight #2626
1092654206,DOTSight #2667
1092657381,DOTSight #2716
1092663476,DOTSight #2730
1092663835,DOTSight #2737
1092664358,DOTSight #2745
1092666671,DOTSight #2759
1091100858,DOTSight #310
1091102742,DOTSight #335
1091105117,DOTSight #379
1091069598,DOTSight #38
1091105277,DOTSight #382
1091069848,DOTSight #42
1091110086,DOTSight #423
1091111643,DOTSight #427
1091113169,DOTSight #448
1091114574,DOTSight #461
1091117657,DOTSight #505
1091118015,DOTSight #510
1091147622,DOTSight #523
1091148576,DOTSight #544
1091149136,DOTSight #547
1091149217,DOTSight #548
1091150149,DOTSight #563
1091150531,DOTSight #569
1091152341,DOTSight #579
1091153264,DOTSight #589
1091153765,DOTSight #594
1091154118,DOTSight #600
1091157088,DOTSight #639
1091157830,DOTSight #646
1091163276,DOTSight #722
1091171414,DOTSight #770
1091173032,DOTSight #791
1091173243,DOTSight #794
1091178965,DOTSight #849
1091180693,DOTSight #855
1091190157,DOTSight #883
1091192540,DOTSight #896
1091194139,DOTSight #910
1091195002,DOTSight #925
1091195087,DOTSight #927
1091196514,DOTSight #947
1091198121,DOTSight #971
1091198459,DOTSight #979
1091198485,DOTSight #980
731743875,Bald Head #1001
731743935,Bald Head #1003
731743947,Bald Head #1004
731744008,Bald Head #1005
731744064,Bald Head #1008
731744738,Bald Head #1021
731744768,Bald Head #1022
731744864,Bald Head #1029
731715436,Bald Head #103
731744908,Bald Head #1033
731744974,Bald Head #1037
731745022,Bald Head #1039
731715451,Bald Head #104
731745049,Bald Head #1041
731745061,Bald Head #1042
731745094,Bald Head #1046
731745130,Bald Head #1048
731745172,Bald Head #1051
731745189,Bald Head #1053
731745296,Bald Head #1058
731745400,Bald Head #1066
731745423,Bald Head #1068
731745605,Bald Head #1080
731745817,Bald Head #1087
731745824,Bald Head #1088
731745864,Bald Head #1090
731745873,Bald Head #1091
731745938,Bald Head #1094
731746015,Bald Head #1098
731746303,Bald Head #1109
731746309,Bald Head #1110
731746334,Bald Head #1111
731746387,Bald Head #1113
731746404,Bald Head #1114
731746431,Bald Head #1115
731746521,Bald Head #1118
731746569,Bald Head #1119
731746635,Bald Head #1122
731746808,Bald Head #1126
731746824,Bald Head #1127
731746835,Bald Head #1128
731746861,Bald Head #1129
731746894,Bald Head #1131
731746911,Bald Head #1132
731746938,Bald Head #1133
731746957,Bald Head #1134
731746967,Bald Head #1135
731747021,Bald Head #1137
731747031,Bald Head #1138
731747103,Bald Head #1142
731747117,Bald Head #1143
731747133,Bald Head #1144
731747140,Bald Head #1145
731747167,Bald Head #1146
731747196,Bald Head #1147
731747221,Bald Head #1148
731747237,Bald Head #1149
731747297,Bald Head #1150
731747308,Bald Head #1151
731747320,Bald Head #1152
731747339,Bald Head #1153
731747364,Bald Head #1154
731747394,Bald Head #1156
731715735,Bald Head #116
731747454,Bald Head #1160
731747474,Bald Head #1161
731747487,Bald Head #1162
731747510,Bald Head #1163
731747523,Bald Head #1164
731747539,Bald Head #1165
731747588,Bald Head #1167
731747594,Bald Head #1168
731747624,Bald Head #1169
731715760,Bald Head #117
731747636,Bald Head #1170
731747652,Bald Head #1171
731747668,Bald Head #1172
731747701,Bald Head #1174
731747710,Bald Head #1175
731747716,Bald Head #1176
731747753,Bald Head #1177
731747763,Bald Head #1178
731715783,Bald Head #118
731747803,Bald Head #1180
731747830,Bald Head #1182
731747864,Bald Head #1184
731747873,Bald Head #1185
731747899,Bald Head #1186
731747919,Bald Head #1187
731747935,Bald Head #1188
731715822,Bald Head #119
731748037,Bald Head #1190
731748058,Bald Head #1191
731748103,Bald Head #1192
731748117,Bald Head #1193
731748137,Bald Head #1194
731748159,Bald Head #1195
731748186,Bald Head #1197
731748194,Bald Head #1198
731748215,Bald Head #1199
731748266,Bald Head #1200
731748274,Bald Head #1201
731748310,Bald Head #1204
731748318,Bald Head #1205
731748347,Bald Head #1208
731715841,Bald Head #121
731748358,Bald Head #1210
731748405,Bald Head #1212
731748434,Bald Head #1213
731748473,Bald Head #1214
731748592,Bald Head #1218
731748613,Bald Head #1219
731715855,Bald Head #122
731748624,Bald Head #1220
731748634,Bald Head #1221
731748641,Bald Head #1222
731748643,Bald Head #1223
731748669,Bald Head #1224
731749170,Bald Head #1225
731749187,Bald Head #1226
731749206,Bald Head #1227
731749222,Bald Head #1228
731749232,Bald Head #1229
731715868,Bald Head #123
731749242,Bald Head #1230
731749262,Bald Head #1232
731749297,Bald Head #1234
731749311,Bald Head #1235
731749346,Bald Head #1237
731749354,Bald Head #1238
731715885,Bald Head #124
731749399,Bald Head #1241
731749415,Bald Head #1242
731749452,Bald Head #1246
731749473,Bald Head #1247
731749518,Bald Head #1250
731751884,Bald Head #1394
731752173,Bald Head #1413
731757077,Bald Head #1577
731716557,Bald Head #159
731761731,Bald Head #1678
731765156,Bald Head #1820
731717272,Bald Head #196
731721534,Bald Head #239
731713533,Bald Head #4
731714230,Bald Head #43
731740856,Bald Head #843
941825929,Lil Demons #115
941828273,Lil Demons #167
941828286,Lil Demons #173
941829538,Lil Demons #192
941831133,Lil Demons #205
941832462,Lil Demons #217
941805083,Lil Demons #22
941832505,Lil Demons #233
941834432,Lil Demons #263
941806733,Lil Demons #27
941806735,Lil Demons #28
941837812,Lil Demons #289
941837828,Lil Demons #295
941837871,Lil Demons #313
941843200,Lil Demons #324
941843239,Lil Demons #336
941843247,Lil Demons #340
941843282,Lil Demons #352
941850058,Lil Demons #363
941850096,Lil Demons #375
941850113,Lil Demons #382
941850150,Lil Demons #396
941850360,Lil Demons #410
941855498,Lil Demons #511
941855518,Lil Demons #520
941855558,Lil Demons #536
941855591,Lil Demons #547
941868496,Lil Demons #589
941868607,Lil Demons #605
941868613,Lil Demons #608
941868617,Lil Demons #610
941868637,Lil Demons #616
941868639,Lil Demons #617
941868645,Lil Demons #618
941868689,Lil Demons #634
941868710,Lil Demons #641
941868951,Lil Demons #654
941868977,Lil Demons #666
941868989,Lil Demons #670
941869005,Lil Demons #676
941819837,Lil Demons #69
941869072,Lil Demons #702
941819847,Lil Demons #73
941869260,Lil Demons #734
941869284,Lil Demons #744
941869434,Lil Demons #765
941869443,Lil Demons #768
941869447,Lil Demons #770
941869488,Lil Demons #782
941869634,Lil Demons #805
941869670,Lil Demons #820
941869709,Lil Demons #833
941869731,Lil Demons #840
941869752,Lil Demons #848
941869760,Lil Demons #852
941881349,Lil Demons #862
941881359,Lil Demons #867
941881840,Lil Demons #908
941881857,Lil Demons #915
941881904,Lil Demons #933
941824054,Lil Demons #94
941882045,Lil Demons #958
941882058,Lil Demons #963
989541366,Lynx Genesis #0059
989542481,Lynx Genesis #0088
989543893,Lynx Genesis #0119
989543972,Lynx Genesis #0120
989544729,Lynx Genesis #0135
989554237,Lynx Genesis #0176
989559231,Lynx Genesis #0223
989562193,Lynx Genesis #0272
989562242,Lynx Genesis #0273
989568596,Lynx Genesis #0343
989571118,Lynx Genesis #0378
989575162,Lynx Genesis #0437
989580074,Lynx Genesis #0512
989580197,Lynx Genesis #0516
989581063,Lynx Genesis #0530
989585150,Lynx Genesis #0568
989597220,Lynx Genesis #0684
989598517,Lynx Genesis #0734
989599739,Lynx Genesis #0750
989601143,Lynx Genesis #0807
989601566,Lynx Genesis #0816
989601994,Lynx Genesis #0835
989602100,Lynx Genesis #0838
989603502,Lynx Genesis #0875
989603597,Lynx Genesis #0880
989604492,Lynx Genesis #0916
989604983,Lynx Genesis #0927
989605837,Lynx Genesis #0966
989606016,Lynx Genesis #0975
989606066,Lynx Genesis #0978
989606213,Lynx Genesis #0985
989607571,Lynx Genesis #1011
989607664,Lynx Genesis #1016
989607803,Lynx Genesis #1023
989608494,Lynx Genesis #1041
989610061,Lynx Genesis #1057
989611348,Lynx Genesis #1114
989613366,Lynx Genesis #1160
989614051,Lynx Genesis #1171
989615542,Lynx Genesis #1239
989617405,Lynx Genesis #1303
989617942,Lynx Genesis #1322
989618712,Lynx Genesis #1341
989618873,Lynx Genesis #1346
989618897,Lynx Genesis #1347
989618990,Lynx Genesis #1352
989619266,Lynx Genesis #1366
989619289,Lynx Genesis #1367
989620388,Lynx Genesis #1420
989620911,Lynx Genesis #1451
989620943,Lynx Genesis #1455
989621625,Lynx Genesis #1478
989622766,Lynx Genesis #1522
989623224,Lynx Genesis #1543
989623726,Lynx Genesis #1556
989625079,Lynx Genesis #1579
989627276,Lynx Genesis #1642
989627333,Lynx Genesis #1644
989628337,Lynx Genesis #1687
989628812,Lynx Genesis #1700
989629533,Lynx Genesis #1721
989629765,Lynx Genesis #1731
989629891,Lynx Genesis #1736
989630366,Lynx Genesis #1749
989630638,Lynx Genesis #1762
989631311,Lynx Genesis #1791
989632320,Lynx Genesis #1836
989632636,Lynx Genesis #1845
989632828,Lynx Genesis #1855
989632854,Lynx Genesis #1857
989632937,Lynx Genesis #1859
989633050,Lynx Genesis #1864
989634077,Lynx Genesis #1905
989635675,Lynx Genesis #1978
989637221,Lynx Genesis #2034
989637819,Lynx Genesis #2048
989640198,Lynx Genesis #2126
989640738,Lynx Genesis #2140
989640771,Lynx Genesis #2141
989640871,Lynx Genesis #2144
989644699,Lynx Genesis #2264
989646677,Lynx Genesis #2314
989648466,Lynx Genesis #2362
989650779,Lynx Genesis #2408
989650939,Lynx Genesis #2412
989651003,Lynx Genesis #2414
989651241,Lynx Genesis #2420
989652716,Lynx Genesis #2452
989656795,Lynx Genesis #2562
454247819,Pixel Parrot 173
459943662,Pixel Parrot 217
459945622,Pixel Parrot 224
459951281,Pixel Parrot 249
459954634,Pixel Parrot 260
459962134,Pixel Parrot 273
470278924,Pixel Parrot 325
470310236,Pixel Parrot 357
470315537,Pixel Parrot 372
525905245,Pixel Parrot 434
525916060,Pixel Parrot 448
525918709,Pixel Parrot 453
525921185,Pixel Parrot 459
525931767,Pixel Parrot 464
525933045,Pixel Parrot 467
525937531,Pixel Parrot 478
525940676,Pixel Parrot 485
525941350,Pixel Parrot 486
525943251,Pixel Parrot 490
1096643337,Wagmi  Boy #14
1099575853,Wagmi Boy #122
1099587676,Wagmi Boy #150
1100428724,Wagmi Boy #187
1102050389,Wagmi Boy #257
1103089552,Wagmi Boy #296
1103116434,Wagmi Boy #311
1103119848,Wagmi Boy #314
1103122825,Wagmi Boy #323
1099066228,Wagmi Boy #40
1095061283,Wagmi Boy #5
1099083900,Wagmi Boy #52
1099084779,Wagmi Boy #58
1095064154,Wagmi Boy #6
925138250,Mad Bears #1342
925139716,Mad Bears #1629
925142812,Mad Bears #2033
925143274,Mad Bears #2061
925143330,Mad Bears #2076
925131691,Mad Bears #461
,Gangster Gorilla 1037
,Gangster Gorilla 1047
,Gangster Gorilla 1105
,Gangster Gorilla 1107
,Gangster Gorilla 1199
,Gangster Gorilla 1234
,Gangster Gorilla 1261
,Gangster Gorilla 1381
,Gangster Gorilla 1396
,Gangster Gorilla 1405
,Gangster Gorilla 1546
,Gangster Gorilla 1548
,Gangster Gorilla 1621
,Gangster Gorilla 1632
,Gangster Gorilla 1701
,Gangster Gorilla 1702
,Gangster Gorilla 1703
,Gangster Gorilla 1704
,Gangster Gorilla 1705
,Gangster Gorilla 26
,Gangster Gorilla 31
,Gangster Gorilla 32
,Gangster Gorilla 324
,Gangster Gorilla 797
798390983,Pixel Bunnies #10
798391400,Pixel Bunnies #103
798391402,Pixel Bunnies #104
798391404,Pixel Bunnies #105
798391408,Pixel Bunnies #107
798391412,Pixel Bunnies #108
798391414,Pixel Bunnies #109
798391416,Pixel Bunnies #110
798391418,Pixel Bunnies #111
798391430,Pixel Bunnies #116
798390987,Pixel Bunnies #12
798391451,Pixel Bunnies #126
798391455,Pixel Bunnies #128
798391458,Pixel Bunnies #129
798391460,Pixel Bunnies #130
798391462,Pixel Bunnies #131
798391466,Pixel Bunnies #133
798391470,Pixel Bunnies #135
798391473,Pixel Bunnies #136
798391479,Pixel Bunnies #139
798390991,Pixel Bunnies #14
798391485,Pixel Bunnies #142
798391489,Pixel Bunnies #143
798391491,Pixel Bunnies #144
798391497,Pixel Bunnies #147
798391499,Pixel Bunnies #148
798391509,Pixel Bunnies #152
798390997,Pixel Bunnies #16
798391526,Pixel Bunnies #160
798391539,Pixel Bunnies #164
798391543,Pixel Bunnies #166
798391545,Pixel Bunnies #167
798391547,Pixel Bunnies #168
798391549,Pixel Bunnies #169
798390999,Pixel Bunnies #17
798391554,Pixel Bunnies #171
798391558,Pixel Bunnies #173
798391564,Pixel Bunnies #176
798391001,Pixel Bunnies #18
798391577,Pixel Bunnies #180
798391585,Pixel Bunnies #184
798391597,Pixel Bunnies #190
798391602,Pixel Bunnies #192
798391604,Pixel Bunnies #193
798391610,Pixel Bunnies #196
798391699,Pixel Bunnies #202
798391007,Pixel Bunnies #21
798391715,Pixel Bunnies #210
798391727,Pixel Bunnies #215
798391731,Pixel Bunnies #217
798391745,Pixel Bunnies #223
798391747,Pixel Bunnies #224
798391760,Pixel Bunnies #229
798391012,Pixel Bunnies #23
798391762,Pixel Bunnies #230
798391772,Pixel Bunnies #235
798391776,Pixel Bunnies #236
798391778,Pixel Bunnies #237
798391782,Pixel Bunnies #239
798391784,Pixel Bunnies #240
798391793,Pixel Bunnies #243
798391799,Pixel Bunnies #246
798391801,Pixel Bunnies #247
798391803,Pixel Bunnies #248
798391808,Pixel Bunnies #250
798391818,Pixel Bunnies #255
798391824,Pixel Bunnies #257
798391826,Pixel Bunnies #258
798391018,Pixel Bunnies #26
798391830,Pixel Bunnies #260
798391836,Pixel Bunnies #263
798391020,Pixel Bunnies #27
798391862,Pixel Bunnies #275
798391890,Pixel Bunnies #287
798391898,Pixel Bunnies #291
798391900,Pixel Bunnies #292
798391902,Pixel Bunnies #293
798391072,Pixel Bunnies #38
798391074,Pixel Bunnies #39
798391080,Pixel Bunnies #42
798391088,Pixel Bunnies #44
798391090,Pixel Bunnies #45
798391098,Pixel Bunnies #49
798391101,Pixel Bunnies #50
798391103,Pixel Bunnies #51
798391113,Pixel Bunnies #56
798391152,Pixel Bunnies #65
798391158,Pixel Bunnies #68
798391177,Pixel Bunnies #72
798391179,Pixel Bunnies #73
798391181,Pixel Bunnies #74
798391183,Pixel Bunnies #75
798391185,Pixel Bunnies #76
798391192,Pixel Bunnies #78
798391194,Pixel Bunnies #79
798391202,Pixel Bunnies #83
798391215,Pixel Bunnies #89
798391224,Pixel Bunnies #93
798391226,Pixel Bunnies #94
798391228,Pixel Bunnies #95
798391237,Pixel Bunnies #99
768102774,Higher Ape Circle #1139
768104481,Higher Ape Circle #1179
768156907,Higher Ape Circle #1229
768163043,Higher Ape Circle #1348
768163294,Higher Ape Circle #1354
768167463,Higher Ape Circle #1443
768188450,Higher Ape Circle #1554
767556867,Higher Ape Circle #159
768191863,Higher Ape Circle #1629
768197510,Higher Ape Circle #1758
768283794,Higher Ape Circle #1886
768307400,Higher Ape Circle #2068
768320695,Higher Ape Circle #2290
768335737,Higher Ape Circle #2636
768351133,Higher Ape Circle #2941
768372619,Higher Ape Circle #3161
767561938,Higher Ape Circle #329
768378623,Higher Ape Circle #3357
768381406,Higher Ape Circle #3427
768382206,Higher Ape Circle #3440
768383279,Higher Ape Circle #3474
767544065,Higher Ape Circle #35
768383984,Higher Ape Circle #3501
768385817,Higher Ape Circle #3539
768395981,Higher Ape Circle #3898
768435170,Higher Ape Circle #4196
768444850,Higher Ape Circle #4501
767566449,Higher Ape Circle #468
768453011,Higher Ape Circle #4764
767544609,Higher Ape Circle #50
768056711,Higher Ape Circle #619
768056769,Higher Ape Circle #620
768057594,Higher Ape Circle #640
768061681,Higher Ape Circle #723
768068176,Higher Ape Circle #849
768074276,Higher Ape Circle #959
463343544,Dope Peanut Society #128
463343621,Dope Peanut Society #129
467874215,Dope Peanut Society #151
463346748,Dope Peanut Society #156
463348292,Dope Peanut Society #170
463348941,Dope Peanut Society #176
463352027,Dope Peanut Society #202
463353720,Dope Peanut Society #214
463357066,Dope Peanut Society #238
463358041,Dope Peanut Society #244
463358444,Dope Peanut Society #248
463359019,Dope Peanut Society #253
463360902,Dope Peanut Society #258
463364150,Dope Peanut Society #27
463364660,Dope Peanut Society #275
463365515,Dope Peanut Society #283
463367505,Dope Peanut Society #297
463373681,Dope Peanut Society #333
463376654,Dope Peanut Society #35
499205342,Dope Peanut Society #361
463379092,Dope Peanut Society #366
463379454,Dope Peanut Society #369
463381814,Dope Peanut Society #382
463385601,Dope Peanut Society #402
463385854,Dope Peanut Society #403
463387831,Dope Peanut Society #41
463389442,Dope Peanut Society #416
463393683,Dope Peanut Society #439
463395050,Dope Peanut Society #447
463398093,Dope Peanut Society #464
463398215,Dope Peanut Society #465
463403602,Dope Peanut Society #490
463404970,Dope Peanut Society #5
463657251,Dope Peanut Society #509
463657458,Dope Peanut Society #511
463664895,Dope Peanut Society #518
463665269,Dope Peanut Society #524
463666491,Dope Peanut Society #549
463666797,Dope Peanut Society #557
463668443,Dope Peanut Society #559
463669137,Dope Peanut Society #573
463669480,Dope Peanut Society #581
463670531,Dope Peanut Society #605
463670718,Dope Peanut Society #610
463672006,Dope Peanut Society #648
463673832,Dope Peanut Society #679
463675127,Dope Peanut Society #702
463676189,Dope Peanut Society #720
463676880,Dope Peanut Society #729
463409120,Dope Peanut Society #73
463677070,Dope Peanut Society #735
463677480,Dope Peanut Society #742
463677741,Dope Peanut Society #751
463678210,Dope Peanut Society #762
463678778,Dope Peanut Society #777
463680296,Dope Peanut Society #802
463682157,Dope Peanut Society #819
463682732,Dope Peanut Society #830
463683058,Dope Peanut Society #835
463683156,Dope Peanut Society #837
463683374,Dope Peanut Society #841
564332463,Dope Peanut Society #85
463684582,Dope Peanut Society #856
463686552,Dope Peanut Society #874
463686977,Dope Peanut Society #877
463689350,Dope Peanut Society #898
463690980,Dope Peanut Society #908
463692012,Dope Peanut Society #916
463692658,Dope Peanut Society #921
463694680,Dope Peanut Society #943
463695019,Dope Peanut Society #947
1076283271,Lil BUD #0946
1074493805,Lil BUD #1002
1074938238,Lil BUD #1124
1074938756,Lil BUD #1280
1074938989,Lil BUD #1354
1074938991,Lil BUD #1355
1074423593,Lil BUD #14
1074424052,Lil BUD #145
1074424058,Lil BUD #148
1074949441,Lil BUD #1498
1074430692,Lil BUD #152
1074949631,Lil BUD #1567
1074949792,Lil BUD #1612
1074430753,Lil BUD #174
1074958872,Lil BUD #2251
1074958945,Lil BUD #2284
1074960397,Lil BUD #2829
1074434521,Lil BUD #400
1074435302,Lil BUD #435
893119907,Love & Robots #12
905340722,Love & Robots #19
904127254,Pardcubs #147
904127369,Pardcubs #179
904126820,Pardcubs #19
904127489,Pardcubs #222
611382072,Pandart
746737720,BrontosEYE #1006
746737890,BrontosEYE #1016
746738162,BrontosEYE #1027
746739416,BrontosEYE #1045
746739527,BrontosEYE #1051
746739748,BrontosEYE #1060
746740406,BrontosEYE #1094
746740503,BrontosEYE #1098
746718327,BrontosEYE #110
746740766,BrontosEYE #1111
746740908,BrontosEYE #1118
746741107,BrontosEYE #1127
746741303,BrontosEYE #1135
746741335,BrontosEYE #1137
746741572,BrontosEYE #1149
746741850,BrontosEYE #1162
746741942,BrontosEYE #1167
746718468,BrontosEYE #118
746744193,BrontosEYE #1258
746718653,BrontosEYE #126
746744358,BrontosEYE #1266
746744399,BrontosEYE #1268
746744508,BrontosEYE #1273
746744552,BrontosEYE #1275
746744693,BrontosEYE #1282
746745320,BrontosEYE #1311
746745937,BrontosEYE #1339
746746183,BrontosEYE #1348
746746387,BrontosEYE #1357
746746657,BrontosEYE #1371
746748020,BrontosEYE #1438
746748307,BrontosEYE #1454
746748514,BrontosEYE #1465
746749163,BrontosEYE #1495
746719284,BrontosEYE #151
746749706,BrontosEYE #1521
746749780,BrontosEYE #1526
746750376,BrontosEYE #1549
746719448,BrontosEYE #159
746751350,BrontosEYE #1600
746752986,BrontosEYE #1681
746753328,BrontosEYE #1697
746719647,BrontosEYE #171
746753626,BrontosEYE #1710
746753791,BrontosEYE #1717
746753841,BrontosEYE #1720
746719730,BrontosEYE #176
746754641,BrontosEYE #1764
746754923,BrontosEYE #1779
746754999,BrontosEYE #1782
746755019,BrontosEYE #1783
746755782,BrontosEYE #1824
746719973,BrontosEYE #185
746756641,BrontosEYE #1873
746756837,BrontosEYE #1887
746756955,BrontosEYE #1892
746757211,BrontosEYE #1908
746757615,BrontosEYE #1925
746757832,BrontosEYE #1937
746758535,BrontosEYE #1975
746758691,BrontosEYE #1986
746758926,BrontosEYE #1998
746759526,BrontosEYE #2027
746759968,BrontosEYE #2042
746760255,BrontosEYE #2056
746760776,BrontosEYE #2084
746720502,BrontosEYE #209
746760954,BrontosEYE #2096
746761453,BrontosEYE #2120
746761521,BrontosEYE #2125
746761927,BrontosEYE #2149
746761968,BrontosEYE #2151
746761984,BrontosEYE #2152
746720580,BrontosEYE #216
746762754,BrontosEYE #2186
746763029,BrontosEYE #2198
746763424,BrontosEYE #2214
746763774,BrontosEYE #2224
746763887,BrontosEYE #2228
746763953,BrontosEYE #2232
746797083,BrontosEYE #2251
746797181,BrontosEYE #2255
746720703,BrontosEYE #226
746797464,BrontosEYE #2269
746797549,BrontosEYE #2275
746797710,BrontosEYE #2283
746798109,BrontosEYE #2309
746798385,BrontosEYE #2326
746721113,BrontosEYE #248
746721657,BrontosEYE #278
746721859,BrontosEYE #287
746716728,BrontosEYE #32
746723813,BrontosEYE #377
746724732,BrontosEYE #411
746724967,BrontosEYE #420
746725026,BrontosEYE #423
746725232,BrontosEYE #434
746726310,BrontosEYE #495
746726407,BrontosEYE #501
746726926,BrontosEYE #532
746726965,BrontosEYE #535
746727358,BrontosEYE #556
746727674,BrontosEYE #574
746728091,BrontosEYE #599
746728580,BrontosEYE #626
746717299,BrontosEYE #63
746728822,BrontosEYE #639
746728933,BrontosEYE #644
746729432,BrontosEYE #675
746729733,BrontosEYE #692
746730822,BrontosEYE #758
746730836,BrontosEYE #759
746731076,BrontosEYE #770
746731234,BrontosEYE #778
746731389,BrontosEYE #784
746731430,BrontosEYE #786
746731682,BrontosEYE #800
746731740,BrontosEYE #804
746731896,BrontosEYE #813
746732243,BrontosEYE #822
746732390,BrontosEYE #831
746732477,BrontosEYE #836
746733021,BrontosEYE #864
746733760,BrontosEYE #896
746735528,BrontosEYE #914
746735670,BrontosEYE #918
746735917,BrontosEYE #926
746717971,BrontosEYE #94
746737284,BrontosEYE #987
1006069606,WickedPrince #18
1006070818,WickedPrince #323
1006071078,WickedPrince #382
1006071165,WickedPrince #405
1006073009,WickedPrince #812
587344376,DopeDucky #105
587716963,DopeDucky #1059
587717143,DopeDucky #1061
587718625,DopeDucky #1078
587719168,DopeDucky #1085
587729418,DopeDucky #1141
587731823,DopeDucky #1165
587732866,DopeDucky #1176
587345364,DopeDucky #118
587736092,DopeDucky #1205
587740290,DopeDucky #1258
587742287,DopeDucky #1268
587744066,DopeDucky #1275
587747021,DopeDucky #1287
587749057,DopeDucky #1295
587756720,DopeDucky #1329
587758402,DopeDucky #1349
587760391,DopeDucky #1356
587766009,DopeDucky #1390
587772108,DopeDucky #1446
587347888,DopeDucky #149
587779271,DopeDucky #1498
587782694,DopeDucky #1514
587804004,DopeDucky #1607
587806395,DopeDucky #1617
587349029,DopeDucky #162
587842860,DopeDucky #1793
587350684,DopeDucky #182
587355021,DopeDucky #236
587359350,DopeDucky #292
587361280,DopeDucky #323
587365670,DopeDucky #377
587367125,DopeDucky #393
587368936,DopeDucky #414
587369174,DopeDucky #416
587371241,DopeDucky #440
587663015,DopeDucky #532
587666214,DopeDucky #573
587666422,DopeDucky #576
587670195,DopeDucky #623
587670708,DopeDucky #630
587690354,DopeDucky #756
587690565,DopeDucky #759
587691430,DopeDucky #770
587692095,DopeDucky #778
587342083,DopeDucky #79
587694853,DopeDucky #848
587696407,DopeDucky #887
587697986,DopeDucky #920
587699144,DopeDucky #947
587701575,DopeDucky #989
711216296,SMC #1016
711218785,SMC #1043
711221007,SMC #1066
711226098,SMC #1117
711227081,SMC #1126
711228431,SMC #1140
711247862,SMC #1269
711254633,SMC #1343
711255636,SMC #1354
711256223,SMC #1360
711259230,SMC #1398
711260465,SMC #1409
711260706,SMC #1412
711261435,SMC #1420
711270402,SMC #1498
711271028,SMC #1502
711284795,SMC #1550
711296340,SMC #1650
711298997,SMC #1679
711303426,SMC #1702
709819188,SMC #173
711309225,SMC #1742
711310998,SMC #1755
711314055,SMC #1772
711316393,SMC #1788
709822014,SMC #189
711340878,SMC #1955
711343100,SMC #1972
711350160,SMC #2025
711354516,SMC #2053
711356082,SMC #2066
711356342,SMC #2068
711362426,SMC #2108
709827700,SMC #211
711370990,SMC #2169
711375532,SMC #2202
711375696,SMC #2203
711434364,SMC #2244
711441902,SMC #2286
711443888,SMC #2299
711447259,SMC #2325
711449100,SMC #2338
711450935,SMC #2352
711456365,SMC #2411
711457415,SMC #2419
711458628,SMC #2433
711462274,SMC #2472
711463416,SMC #2481
711466056,SMC #2504
711466777,SMC #2510
711469407,SMC #2530
711473391,SMC #2558
711478252,SMC #2599
711484380,SMC #2650
711488230,SMC #2684
711489617,SMC #2700
711490481,SMC #2712
711491924,SMC #2728
709849372,SMC #273
711494038,SMC #2746
711495302,SMC #2757
711497572,SMC #2779
709850071,SMC #278
711498095,SMC #2783
711504991,SMC #2836
711507076,SMC #2851
711510043,SMC #2876
711511123,SMC #2889
711511546,SMC #2895
711511726,SMC #2897
711512369,SMC #2906
711513304,SMC #2918
711525549,SMC #2959
711534389,SMC #3037
711542923,SMC #3110
711545332,SMC #3139
711545735,SMC #3145
711546983,SMC #3163
709855041,SMC #318
711551616,SMC #3220
711557556,SMC #3269
711559231,SMC #3285
711563029,SMC #3315
711604582,SMC #3343
709871528,SMC #342
711615035,SMC #3448
711615727,SMC #3457
711617272,SMC #3476
711617799,SMC #3482
711622739,SMC #3523
711633347,SMC #3601
711633660,SMC #3606
711637884,SMC #3644
711640940,SMC #3680
711642318,SMC #3695
711646988,SMC #3742
711647322,SMC #3744
711651382,SMC #3775
711666964,SMC #3811
711712827,SMC #3871
711721709,SMC #3890
711724450,SMC #3909
709878431,SMC #392
711728968,SMC #3937
711735057,SMC #3996
711755581,SMC #4144
711757503,SMC #4150
711758524,SMC #4154
711770473,SMC #4226
711773836,SMC #4243
711790715,SMC #4339
711796449,SMC #4379
711796784,SMC #4381
711799146,SMC #4397
711802713,SMC #4416
711805237,SMC #4430
711806270,SMC #4436
711806950,SMC #4440
711815331,SMC #4487
711821219,SMC #4512
711822868,SMC #4525
711823268,SMC #4528
711827647,SMC #4555
711828205,SMC #4559
711828294,SMC #4560
711831884,SMC #4588
711843157,SMC #4658
711849795,SMC #4703
711851482,SMC #4713
711851897,SMC #4716
712095552,SMC #4766
712111428,SMC #4891
709897464,SMC #491
712115209,SMC #4917
712119123,SMC #4946
712121621,SMC #4967
712122412,SMC #4976
712125785,SMC #5001
712378937,SMC #5014
712381392,SMC #5031
712386931,SMC #5059
713422950,SMC #5163
709900271,SMC #517
713430590,SMC #5269
713430899,SMC #5273
713430987,SMC #5274
713432660,SMC #5293
713434001,SMC #5309
713434591,SMC #5314
713436353,SMC #5327
713443395,SMC #5377
713444183,SMC #5386
713444445,SMC #5390
713445409,SMC #5402
713452737,SMC #5497
713456876,SMC #5546
713465663,SMC #5634
713471116,SMC #5694
713474135,SMC #5724
713478639,SMC #5771
713478858,SMC #5774
713482146,SMC #5816
713483685,SMC #5833
713484157,SMC #5838
713484315,SMC #5839
713486076,SMC #5856
713486904,SMC #5864
713487678,SMC #5872
709922464,SMC #592
713492382,SMC #5921
713492733,SMC #5925
713495631,SMC #5955
713495680,SMC #5956
713500560,SMC #6016
713500599,SMC #6017
713502973,SMC #6045
709925280,SMC #605
713504781,SMC #6067
713534604,SMC #6135
713539407,SMC #6150
713542960,SMC #6176
713548099,SMC #6212
713555467,SMC #6291
709931573,SMC #632
713560152,SMC #6328
713563481,SMC #6341
713570533,SMC #6401
713572864,SMC #6419
709933859,SMC #643
713580977,SMC #6483
713584631,SMC #6509
713584796,SMC #6511
713585917,SMC #6522
713591896,SMC #6583
709937467,SMC #661
713595563,SMC #6611
713602053,SMC #6659
713606841,SMC #6687
713607325,SMC #6691
713608012,SMC #6698
713608678,SMC #6704
713614602,SMC #6771
713615157,SMC #6776
713615451,SMC #6777
713617005,SMC #6794
713617874,SMC #6805
713617962,SMC #6806
713619032,SMC #6819
713630455,SMC #6867
709980671,SMC #689
713656951,SMC #6902
713657554,SMC #6907
713660958,SMC #6934
713664229,SMC #6952
709308269,SMC #70
713675203,SMC #7048
713675359,SMC #7050
713677706,SMC #7071
713681223,SMC #7096
713683369,SMC #7120
713683695,SMC #7124
713701797,SMC #7245
709308563,SMC #73
713747030,SMC #7334
709990228,SMC #734
713750905,SMC #7351
709991451,SMC #740
713756016,SMC #7402
713758059,SMC #7419
713758838,SMC #7426
713763024,SMC #7457
713770672,SMC #7518
713774175,SMC #7542
713777025,SMC #7565
709994247,SMC #757
713780724,SMC #7600
709995067,SMC #764
713785581,SMC #7640
713787244,SMC #7656
713790178,SMC #7680
713792284,SMC #7694
713794847,SMC #7710
713796546,SMC #7720
709996689,SMC #775
713807884,SMC #7804
713809229,SMC #7815
713809730,SMC #7819
713811471,SMC #7834
713817623,SMC #7893
710004830,SMC #793
713830250,SMC #8003
713831157,SMC #8014
713838830,SMC #8078
713840280,SMC #8091
713840431,SMC #8092
713842317,SMC #8106
713847886,SMC #8146
713853375,SMC #8205
713855560,SMC #8229
713864399,SMC #8312
713868720,SMC #8358
713870086,SMC #8372
713874911,SMC #8414
713880649,SMC #8450
714095413,SMC #8526
714100099,SMC #8579
710020350,SMC #858
714101283,SMC #8592
714101810,SMC #8599
714101912,SMC #8600
714102579,SMC #8607
714102923,SMC #8610
714104497,SMC #8627
714105684,SMC #8641
714117124,SMC #8748
714119045,SMC #8765
714121050,SMC #8783
714124274,SMC #8809
714126730,SMC #8826
714133153,SMC #8875
714134988,SMC #8890
714148024,SMC #8977
714152809,SMC #9008
714162413,SMC #9063
714164837,SMC #9082
714165498,SMC #9089
714165588,SMC #9090
714167757,SMC #9117
714203473,SMC #9204
714220423,SMC #9265
714225366,SMC #9293
710036325,SMC #932
714230671,SMC #9339
714230958,SMC #9342
710038185,SMC #939
714248946,SMC #9509
714254204,SMC #9557
710042196,SMC #958
710042657,SMC #960
714261302,SMC #9620
714262301,SMC #9631
714264172,SMC #9648
714267874,SMC #9682
714272803,SMC #9723
714273525,SMC #9731
714273625,SMC #9732
714276091,SMC #9755
714276259,SMC #9757
714279789,SMC #9793
714281888,SMC #9812
710052910,SMC #983
714284452,SMC #9830
714294531,SMC #9881
714302305,SMC #9911
714303440,SMC #9919
714305320,SMC #9934
753178503,AlgoShark #101
750929211,AlgoShark #1033
750934944,AlgoShark #1061
750938357,AlgoShark #1077
750942677,AlgoShark #1097
750943671,AlgoShark #1099
751893798,AlgoShark #1113
751915173,AlgoShark #1121
751923416,AlgoShark #1128
751930292,AlgoShark #1134
753194766,AlgoShark #114
751938397,AlgoShark #1144
751941020,AlgoShark #1150
751942510,AlgoShark #1154
774170470,AlgoShark #116
751965938,AlgoShark #1180
751967177,AlgoShark #1181
751970840,AlgoShark #1188
753844707,AlgoShark #1203
753858722,AlgoShark #1224
753862094,AlgoShark #1239
753862281,AlgoShark #1240
753862515,AlgoShark #1241
753936765,AlgoShark #1260
756862590,AlgoShark #1265
753947775,AlgoShark #1268
753952978,AlgoShark #1282
753956564,AlgoShark #1298
753956973,AlgoShark #1300
757596299,AlgoShark #1301
757609146,AlgoShark #1304
757953935,AlgoShark #1305
757610450,AlgoShark #1306
757617451,AlgoShark #1316
757621443,AlgoShark #1331
757622094,AlgoShark #1334
757622237,AlgoShark #1335
757634509,AlgoShark #1355
757639407,AlgoShark #1381
757639623,AlgoShark #1382
757641172,AlgoShark #1389
757643506,AlgoShark #1396
757643700,AlgoShark #1397
759592168,AlgoShark #1434
759610343,AlgoShark #1452
759611080,AlgoShark #1454
759612173,AlgoShark #1457
759618736,AlgoShark #1469
774229024,AlgoShark #1475
759629263,AlgoShark #1478
762452960,AlgoShark #1507
762496155,AlgoShark #1517
762497890,AlgoShark #1520
762738164,AlgoShark #1528
754084047,AlgoShark #153
773334887,AlgoShark #1532
762748555,AlgoShark #1535
762767260,AlgoShark #1549
763754234,AlgoShark #1590
763762050,AlgoShark #1593
763774508,AlgoShark #1602
763776197,AlgoShark #1606
765109418,AlgoShark #1649
765110429,AlgoShark #1652
765121531,AlgoShark #1664
774267687,AlgoShark #1675
765134043,AlgoShark #1700
766278330,AlgoShark #1701
766300749,AlgoShark #1722
766306331,AlgoShark #1725
766306479,AlgoShark #1726
766309204,AlgoShark #1729
766323355,AlgoShark #1733
766898090,AlgoShark #1744
773299967,AlgoShark #1760
766916905,AlgoShark #1764
766917897,AlgoShark #1766
766918955,AlgoShark #1769
766921227,AlgoShark #1772
767352407,AlgoShark #1805
767357763,AlgoShark #1810
767358573,AlgoShark #1812
767368934,AlgoShark #1830
774330154,AlgoShark #1844
773335410,AlgoShark #1847
767973629,AlgoShark #1852
767975375,AlgoShark #1855
767976017,AlgoShark #1857
767990581,AlgoShark #1872
768009133,AlgoShark #1895
768011276,AlgoShark #1901
768015296,AlgoShark #1904
768018007,AlgoShark #1910
769496823,AlgoShark #1922
775280478,AlgoShark #1938
769993632,AlgoShark #1956
769995077,AlgoShark #1959
770065697,AlgoShark #1962
774330650,AlgoShark #1964
770068215,AlgoShark #1965
774343748,AlgoShark #1966
774268798,AlgoShark #1968
770074305,AlgoShark #1977
770447476,AlgoShark #1995
751013212,AlgoShark #2010
751568376,AlgoShark #2055
751757408,AlgoShark #2068
751900653,AlgoShark #2091
777999158,AlgoShark #2093
751925436,AlgoShark #2098
752886531,AlgoShark #2124
753045084,AlgoShark #2149
753045302,AlgoShark #2150
753251602,AlgoShark #2156
753730824,AlgoShark #2164
753770515,AlgoShark #2181
754034075,AlgoShark #2212
754039649,AlgoShark #2216
754040365,AlgoShark #2220
754230350,AlgoShark #2223
755042338,AlgoShark #2238
755054855,AlgoShark #2243
756161193,AlgoShark #2267
756184698,AlgoShark #2273
756374527,AlgoShark #2288
757385186,AlgoShark #2305
757410432,AlgoShark #2322
757411292,AlgoShark #2328
757436244,AlgoShark #2341
757437464,AlgoShark #2347
758322888,AlgoShark #2376
758342849,AlgoShark #2385
758345427,AlgoShark #2396
758345950,AlgoShark #2398
759494664,AlgoShark #2401
759537587,AlgoShark #2423
759538153,AlgoShark #2426
759569139,AlgoShark #2432
759571355,AlgoShark #2438
759571831,AlgoShark #2440
759586521,AlgoShark #2444
759587661,AlgoShark #2449
760706191,AlgoShark #2471
755350362,AlgoShark #248
760709345,AlgoShark #2480
773336138,AlgoShark #2483
761275883,AlgoShark #2511
761767116,AlgoShark #2526
761780503,AlgoShark #2536
761810584,AlgoShark #2541
761975587,AlgoShark #2557
762367148,AlgoShark #2584
756589739,AlgoShark #259
762751226,AlgoShark #2611
763286943,AlgoShark #2625
763287202,AlgoShark #2626
763287402,AlgoShark #2627
763438789,AlgoShark #2641
763439066,AlgoShark #2642
763439307,AlgoShark #2643
763546948,AlgoShark #2652
763683164,AlgoShark #2662
763695490,AlgoShark #2666
763695755,AlgoShark #2667
764382915,AlgoShark #2678
764674954,AlgoShark #2691
774345546,AlgoShark #2692
764684994,AlgoShark #2700
764708903,AlgoShark #2708
764709551,AlgoShark #2710
764860164,AlgoShark #2711
766742348,AlgoShark #2796
766765763,AlgoShark #2819
766792210,AlgoShark #2821
756680840,AlgoShark #284
766809179,AlgoShark #2840
766936654,AlgoShark #2864
766950477,AlgoShark #2872
766951467,AlgoShark #2876
766999930,AlgoShark #2884
767000352,AlgoShark #2886
767013750,AlgoShark #2892
767015717,AlgoShark #2899
767089176,AlgoShark #2901
767089802,AlgoShark #2903
767205823,AlgoShark #2913
768072631,AlgoShark #2937
768174269,AlgoShark #2964
768356464,AlgoShark #2979
768426853,AlgoShark #2991
768426989,AlgoShark #2992
769636727,AlgoShark #3049
769733130,AlgoShark #3066
770426507,AlgoShark #3081
770440486,AlgoShark #3094
770969403,AlgoShark #3129
771091139,AlgoShark #3154
771283514,AlgoShark #3167
771862886,AlgoShark #3182
771864239,AlgoShark #3187
774273026,AlgoShark #3195
771868143,AlgoShark #3198
771878638,AlgoShark #3214
771879997,AlgoShark #3218
768281400,AlgoShark #3238
768385910,AlgoShark #3282
769614518,AlgoShark #3301
769649210,AlgoShark #3324
758291291,AlgoShark #365
759495568,AlgoShark #440
762223623,AlgoShark #503
763640081,AlgoShark #566
763695579,AlgoShark #589
752077948,AlgoShark #60
763710607,AlgoShark #600
764812411,AlgoShark #634
764801035,AlgoShark #637
764826581,AlgoShark #643
764827333,AlgoShark #648
764864586,AlgoShark #676
764964787,AlgoShark #707
765835064,AlgoShark #748
765864850,AlgoShark #786
765866201,AlgoShark #796
766736274,AlgoShark #822
766736551,AlgoShark #824
752209474,AlgoShark #91
766960245,AlgoShark #912
767110348,AlgoShark #950
752225875,AlgoShark #98
935121431,Octalien #1
935122566,Octalien #102
935122611,Octalien #121
935122644,Octalien #130
935122679,Octalien #145
935122683,Octalien #147
935123308,Octalien #152
935123316,Octalien #156
935123348,Octalien #171
935123365,Octalien #178
935123388,Octalien #187
935123392,Octalien #189
935123407,Octalien #196
935123417,Octalien #200
935123580,Octalien #203
935123586,Octalien #206
935123618,Octalien #214
935121495,Octalien #22
935123641,Octalien #225
935123681,Octalien #244
935124075,Octalien #256
935124077,Octalien #257
935124093,Octalien #263
935121505,Octalien #27
935124146,Octalien #288
935124148,Octalien #289
935124152,Octalien #291
935124361,Octalien #308
935124429,Octalien #329
935124473,Octalien #350
935125021,Octalien #356
935125058,Octalien #368
935125062,Octalien #370
935125068,Octalien #373
935125076,Octalien #377
935125101,Octalien #389
935125124,Octalien #396
935125132,Octalien #400
935125486,Octalien #405
935125494,Octalien #409
935125530,Octalien #424
935125540,Octalien #429
935125544,Octalien #431
935125580,Octalien #447
935125703,Octalien #455
935125705,Octalien #456
935125712,Octalien #459
935125765,Octalien #484
935125771,Octalien #487
935125796,Octalien #497
935126162,Octalien #511
935126180,Octalien #519
935122083,Octalien #52
935126188,Octalien #523
935126497,Octalien #551
935126509,Octalien #557
935126577,Octalien #587
935127042,Octalien #620
935127087,Octalien #642
935127095,Octalien #646
935127101,Octalien #649
935127311,Octalien #656
935122179,Octalien #98
954171233,Vanguard Bannerman - Templar
954171233,Vanguard Bannerman - Templar
954171233,Vanguard Bannerman - Templar
954171233,Vanguard Bannerman - Templar
954158100,Condemn - Templar
954158100,Condemn - Templar
954158100,Condemn - Templar
954158100,Condemn - Templar
954158100,Condemn - Templar
954171379,Forgemaster Torgus - Templar
954171379,Forgemaster Torgus - Templar
954171379,Forgemaster Torgus - Templar
954171379,Forgemaster Torgus - Templar
954158002,Divine Armaments - Templar
954158002,Divine Armaments - Templar
954158002,Divine Armaments - Templar
954158002,Divine Armaments - Templar
954158002,Divine Armaments - Templar
954158002,Divine Armaments - Templar
954158002,Divine Armaments - Templar
954158002,Divine Armaments - Templar
954158002,Divine Armaments - Templar
954158286,Righteous Favor - Templar
954158286,Righteous Favor - Templar
954158286,Righteous Favor - Templar
954158286,Righteous Favor - Templar
954158286,Righteous Favor - Templar
954158286,Righteous Favor - Templar
954158286,Righteous Favor - Templar
954158286,Righteous Favor - Templar
954158286,Righteous Favor - Templar
954171308,Resolute Defender - Templar
954171308,Resolute Defender - Templar
954171308,Resolute Defender - Templar
954171308,Resolute Defender - Templar
954171308,Resolute Defender - Templar
954171308,Resolute Defender - Templar
954171308,Resolute Defender - Templar
954157930,Retribution - Templar
954157930,Retribution - Templar
954157930,Retribution - Templar
954157930,Retribution - Templar
954157930,Retribution - Templar
954157930,Retribution - Templar
954157930,Retribution - Templar
954157930,Retribution - Templar
954171448,Exarch Olna - Templar
954171448,Exarch Olna - Templar
954171448,Exarch Olna - Templar
954172110,Dawnguard Makar - Templar
954174698,Order Aspirant - Templar
954174698,Order Aspirant - Templar
954174698,Order Aspirant - Templar
954174698,Order Aspirant - Templar
954174698,Order Aspirant - Templar
954174698,Order Aspirant - Templar
954174698,Order Aspirant - Templar
954174698,Order Aspirant - Templar
954174698,Order Aspirant - Templar
954174698,Order Aspirant - Templar
954174698,Order Aspirant - Templar
954174698,Order Aspirant - Templar
954174698,Order Aspirant - Templar
954174698,Order Aspirant - Templar
954174698,Order Aspirant - Templar
954174240,Vanguard Soldier - Templar
954174240,Vanguard Soldier - Templar
954174240,Vanguard Soldier - Templar
954174240,Vanguard Soldier - Templar
954174240,Vanguard Soldier - Templar
954174240,Vanguard Soldier - Templar
954174240,Vanguard Soldier - Templar
954174240,Vanguard Soldier - Templar
954175132,Firebrand Zealot - Templar
954174609,Righteous Crusader - Templar
954175132,Firebrand Zealot - Templar
954174609,Righteous Crusader - Templar
954175132,Firebrand Zealot - Templar
954174609,Righteous Crusader - Templar
954175132,Firebrand Zealot - Templar
954174609,Righteous Crusader - Templar
954175132,Firebrand Zealot - Templar
954174609,Righteous Crusader - Templar
954175132,Firebrand Zealot - Templar
954174609,Righteous Crusader - Templar
954175132,Firebrand Zealot - Templar
954174609,Righteous Crusader - Templar
954175132,Firebrand Zealot - Templar
954174609,Righteous Crusader - Templar
954175132,Firebrand Zealot - Templar
1103444384,Happy Hoomens Cat#0242
1103450206,Happy Hoomens Cat#0261
1103457432,Happy Hoomens Cat#0319
1103462453,Happy Hoomens Cat#0357
1103466353,Happy Hoomens Cat#0380
1103466544,Happy Hoomens Cat#0382
1103467796,Happy Hoomens Cat#0399
1103468032,Happy Hoomens Cat#0402
633771957,Ruffled Feathers #025
633774455,Ruffled Feathers #029
633791494,Ruffled Feathers #049
647315096,Ruffled Feathers #064
633827542,Ruffled Feathers #071
633921790,Ruffled Feathers #100
634737139,Ruffled Feathers #123
647332366,Ruffled Feathers #151
634763327,Ruffled Feathers #161
634765368,Ruffled Feathers #165
635330719,Ruffled Feathers #225
635354592,Ruffled Feathers #252
647359414,Ruffled Feathers #276
647362359,Ruffled Feathers #290
635403801,Ruffled Feathers #295
643231350,Ruffled Feathers #315
643295638,Ruffled Feathers #359
643313799,Ruffled Feathers #389
643391061,Ruffled Feathers #404
643397529,Ruffled Feathers #418
1023509320,Happy Hoomens#234
1026539788,Happy Hoomens#528
1035278847,Happy Hoomens#699
1043921026,Happy Hoomens#800
762766401,AlgoShark #1546
766929154,AlgoShark #1791
770423148,AlgoShark #1982
770446855,AlgoShark #1993
747527297,Pixel Inu #102
747527376,Pixel Inu #103
747528190,Pixel Inu #113
747530579,Pixel Inu #139
747530668,Pixel Inu #140
747534497,Pixel Inu #177
747535314,Pixel Inu #185
747536348,Pixel Inu #194
747536469,Pixel Inu #195
747536699,Pixel Inu #197
747537390,Pixel Inu #200
747538880,Pixel Inu #215
747539869,Pixel Inu #226
747541665,Pixel Inu #242
747543797,Pixel Inu #263
747544195,Pixel Inu #267
747544728,Pixel Inu #273
747518622,Pixel Inu #28
747545904,Pixel Inu #284
747546453,Pixel Inu #290
747519012,Pixel Inu #31
747519082,Pixel Inu #32
747549524,Pixel Inu #320
747550734,Pixel Inu #335
747550820,Pixel Inu #336
747551807,Pixel Inu #345
747552100,Pixel Inu #348
747519347,Pixel Inu #35
747552708,Pixel Inu #356
747553426,Pixel Inu #364
747554020,Pixel Inu #370
747554730,Pixel Inu #378
747555459,Pixel Inu #385
747557452,Pixel Inu #406
747558167,Pixel Inu #413
747558303,Pixel Inu #414
747560133,Pixel Inu #433
747560329,Pixel Inu #435
747560963,Pixel Inu #442
747563274,Pixel Inu #468
747564162,Pixel Inu #477
747564470,Pixel Inu #480
747565181,Pixel Inu #487
747565954,Pixel Inu #495
747516559,Pixel Inu #5
747566748,Pixel Inu #503
747568160,Pixel Inu #517
747568416,Pixel Inu #520
747570195,Pixel Inu #538
747570487,Pixel Inu #541
747571462,Pixel Inu #550
747574627,Pixel Inu #575
747574969,Pixel Inu #579
747575455,Pixel Inu #584
747576201,Pixel Inu #592
747576579,Pixel Inu #594
747576759,Pixel Inu #596
747577834,Pixel Inu #607
747579382,Pixel Inu #620
747579980,Pixel Inu #625
747580138,Pixel Inu #627
747583002,Pixel Inu #654
747583221,Pixel Inu #656
747583409,Pixel Inu #658
747583616,Pixel Inu #660
747584303,Pixel Inu #668
747584435,Pixel Inu #669
747585414,Pixel Inu #678
747585604,Pixel Inu #680
747586957,Pixel Inu #695
747587201,Pixel Inu #698
747588047,Pixel Inu #707
747522602,Pixel Inu #71
747588308,Pixel Inu #710
747588706,Pixel Inu #714
747588889,Pixel Inu #715
747522680,Pixel Inu #72
747589807,Pixel Inu #726
747589874,Pixel Inu #727
747524597,Pixel Inu #75
747592543,Pixel Inu #752
747592765,Pixel Inu #754
747593435,Pixel Inu #762
747593586,Pixel Inu #764
747596295,Pixel Inu #792
747597522,Pixel Inu #803
747598139,Pixel Inu #810
747599562,Pixel Inu #826
747600323,Pixel Inu #835
747602630,Pixel Inu #858
747604696,Pixel Inu #882
747604914,Pixel Inu #884
747605365,Pixel Inu #888
747605669,Pixel Inu #891
747607739,Pixel Inu #904
747608561,Pixel Inu #912
747609388,Pixel Inu #920
747609800,Pixel Inu #924
747609912,Pixel Inu #925
747610867,Pixel Inu #932
747611120,Pixel Inu #935
747611256,Pixel Inu #937
747611492,Pixel Inu #939
747611670,Pixel Inu #941
747611739,Pixel Inu #942
747612332,Pixel Inu #948
747612673,Pixel Inu #951
747612753,Pixel Inu #952
747526450,Pixel Inu #96
747614583,Pixel Inu #973
747614667,Pixel Inu #974
747615132,Pixel Inu #979
720226541,Beepboy 108
720917315,Beepboy 118
675290516,Beepboy 12
720921634,Beepboy 155
720922506,Beepboy 163
720924083,Beepboy 176
720926617,Beepboy 188
720927387,Beepboy 191
720931460,Beepboy 215
720944833,Beepboy 227
720945186,Beepboy 230
720946734,Beepboy 240
720948074,Beepboy 247
735435183,Beepboy 266
735443849,Beepboy 307
735450184,Beepboy 327
735454204,Beepboy 337
742944464,Beepboy 368
742947439,Beepboy 387
742950624,Beepboy 406
690735730,Beepboy 41
742952034,Beepboy 413
742961789,Beepboy 455
742967882,Beepboy 475
742970265,Beepboy 483
742981999,Beepboy 525
742982228,Beepboy 526
742986232,Beepboy 539
742989228,Beepboy 550
742993832,Beepboy 565
698395797,Beepboy 59
743002239,Beepboy 599
743003313,Beepboy 605
743004764,Beepboy 615
743006622,Beepboy 628
743007673,Beepboy 635
743008106,Beepboy 637
743010895,Beepboy 654
743011138,Beepboy 655
743013814,Beepboy 670
743014138,Beepboy 672
743026770,Beepboy 723
743045399,Beepboy 806
743046296,Beepboy 810
743046849,Beepboy 812
743056411,Beepboy 860
743057174,Beepboy 864
743058476,Beepboy 872
743060746,Beepboy 883
743065749,Beepboy 896
743067768,Beepboy 908
743072187,Beepboy 932
743074986,Beepboy 943
743080993,Beepboy 965
717898982,Beepboy 98
743084889,Beepboy 983
743086599,Beepboy 991
751684954,Pixel Squirrels #1059
751685342,Pixel Squirrels #1087
751692446,Pixel Squirrels #1553
751703156,Pixel Squirrels #2227
751705066,Pixel Squirrels #2358
751706473,Pixel Squirrels #2441
751673250,Pixel Squirrels #245
751719333,Pixel Squirrels #3157
751732669,Pixel Squirrels #3806
751737081,Pixel Squirrels #4018
751743032,Pixel Squirrels #4257
751743037,Pixel Squirrels #4262
751676326,Pixel Squirrels #467
751750937,Pixel Squirrels #4734
751754170,Pixel Squirrels #4949
751760094,Pixel Squirrels #5405
751760740,Pixel Squirrels #5456
751763668,Pixel Squirrels #5680
751789639,Pixel Squirrels #7682
751817484,Pixel Squirrels #9548
859860475,Hive Keepers #1207
845689084,Hive Keepers #384
869524119,Hive Keepers #4539
869534252,Hive Keepers #4931
859852627,Hive Keepers #987
685761000,1000 Cranes V2 #275
685762229,1000 Cranes V2 #304
685765754,1000 Cranes V2 #378
685767236,1000 Cranes V2 #415
685784181,1000 Cranes V2 #759
685785706,1000 Cranes V2 #790
685754883,1000 Cranes V2 #88
709284185,AlgoStrich #111
709284254,AlgoStrich #114
709284837,AlgoStrich #140
709285843,AlgoStrich #184
709286295,AlgoStrich #203
709282345,AlgoStrich #21
709287598,AlgoStrich #247
709287617,AlgoStrich #249
709287683,AlgoStrich #254
709288531,AlgoStrich #279
709289726,AlgoStrich #319
709282622,AlgoStrich #34
709291919,AlgoStrich #371
709291999,AlgoStrich #374
709282689,AlgoStrich #38
709294690,AlgoStrich #441
709294719,AlgoStrich #442
709295629,AlgoStrich #465
709282887,AlgoStrich #49
709297497,AlgoStrich #527
709298412,AlgoStrich #558
709298641,AlgoStrich #569
709298677,AlgoStrich #571
709298829,AlgoStrich #578
709298889,AlgoStrich #579
709299429,AlgoStrich #605
709299556,AlgoStrich #610
709299716,AlgoStrich #617
709299804,AlgoStrich #621
709300045,AlgoStrich #629
709283267,AlgoStrich #66
709283319,AlgoStrich #68
709306038,AlgoStrich #693
709306236,AlgoStrich #712
709306321,AlgoStrich #717
709306906,AlgoStrich #754
709307059,AlgoStrich #758
709308097,AlgoStrich #786
709308313,AlgoStrich #796
828059282,Algostrich EGG v2
746740164,BrontosEYE #1083
746742642,BrontosEYE #1198
746743711,BrontosEYE #1240
746743861,BrontosEYE #1244
746743961,BrontosEYE #1248
746744015,BrontosEYE #1250
746746018,BrontosEYE #1343
746747433,BrontosEYE #1408
746747551,BrontosEYE #1413
746748079,BrontosEYE #1441
746749193,BrontosEYE #1497
746749721,BrontosEYE #1522
746755266,BrontosEYE #1796
746755882,BrontosEYE #1830
746756044,BrontosEYE #1838
746758344,BrontosEYE #1964
1099337488,PIXEL_FREN #1
1099373701,PIXEL_FREN #119
1099373722,PIXEL_FREN #126
1099373884,PIXEL_FREN #170
1099374534,PIXEL_FREN #244
1099337543,PIXEL_FREN #25
1099337547,PIXEL_FREN #27
1099337557,PIXEL_FREN #32
1099337612,PIXEL_FREN #54
1099337618,PIXEL_FREN #57
1099337498,PIXEL_FREN #6
1099337636,PIXEL_FREN #65
1099337668,PIXEL_FREN #79
1099337503,PIXEL_FREN #8
1099337692,PIXEL_FREN #88
1099337707,PIXEL_FREN #95
762748797,AlgoShark #1536
762769638,AlgoShark #1555
770072975,AlgoShark #1973
763286199,AlgoShark #2622
756681900,AlgoShark #289
768413305,AlgoShark #2989
770412155,AlgoShark #3072
770413630,AlgoShark #3079
770964938,AlgoShark #3120
768386517,AlgoShark #3286
768389039,AlgoShark #3299
769615460,AlgoShark #3306
757404547,AlgoShark #336
757407734,AlgoShark #342
763640667,AlgoShark #569
752132838,AlgoShark #74
766938456,AlgoShark #883
766939108,AlgoShark #887
766939247,AlgoShark #888
766940977,AlgoShark #896
757620774,AlgoShark #1328
759600400,AlgoShark #1446
765112969,AlgoShark #1660
765124618,AlgoShark #1671
786849469,AlgoShark #1711
766290852,AlgoShark #1712
768117946,AlgoShark #2955
768280939,AlgoShark #3236
768281144,AlgoShark #3237
768318226,AlgoShark #3262
757407845,AlgoShark #343
757408008,AlgoShark #344
758321125,AlgoShark #386
759447470,AlgoShark #408
759460296,AlgoShark #411
761012759,AlgoShark #451
762236377,AlgoShark #519
762270434,AlgoShark #543
772096928,AlgoShark #550
764965342,AlgoShark #710
864249068,Digicritter Club #188
864249369,Digicritter Club #260
864249547,Digicritter Club #305
864244754,Digicritter Club #34
864249622,Digicritter Club #341
864244772,Digicritter Club #43
864250103,Digicritter Club #481
864258650,Digicritter Club #511
864258698,Digicritter Club #533
864258714,Digicritter Club #541
864258797,Digicritter Club #556
864258867,Digicritter Club #588
864258883,Digicritter Club #596
864259037,Digicritter Club #624
864259082,Digicritter Club #634
864259102,Digicritter Club #643
864259187,Digicritter Club #655
864259449,Digicritter Club #729
864259789,Digicritter Club #819
864259855,Digicritter Club #844
1099337539,PIXEL_FREN #23
1099337549,PIXEL_FREN #28
711292937,SMC #1618
709843837,SMC #232
711762233,SMC #4174
709883804,SMC #427
712102188,SMC #4822
712123507,SMC #4985
712435596,SMC #5120
713425105,SMC #5196
713432311,SMC #5289
713447971,SMC #5437
713465107,SMC #5628
713466259,SMC #5639
713471821,SMC #5703
713487795,SMC #5873
713509385,SMC #6107
713565404,SMC #6356
348174967,Pengling Original 36
348174967,Pengling Original 36
348174967,Pengling Original 36
348174967,Pengling Original 36
348174967,Pengling Original 36
348174967,Pengling Original 36
348174967,Pengling Original 36
348185258,Pengling Original 37
348185258,Pengling Original 37
348185258,Pengling Original 37
348185258,Pengling Original 37
348185258,Pengling Original 37
348185258,Pengling Original 37
349507097,Pengling Original 43
349507097,Pengling Original 43
349507097,Pengling Original 43
349507097,Pengling Original 43
349527734,Pengling Original 44
349527734,Pengling Original 44
349527734,Pengling Original 44
349527734,Pengling Original 44
349527734,Pengling Original 44
387826299,Pengling Original 59
387826299,Pengling Original 59
390635503,Pengling Original 61
390635503,Pengling Original 61
390635503,Pengling Original 61
390635503,Pengling Original 61
390635503,Pengling Original 61
390635503,Pengling Original 61
390635503,Pengling Original 61
390802904,Pengling Original 62
390802904,Pengling Original 62
390802904,Pengling Original 62
390802904,Pengling Original 62
390802904,Pengling Original 62
390802904,Pengling Original 62
390802904,Pengling Original 62
390889289,Pengling Original 63
390889289,Pengling Original 63
390889289,Pengling Original 63
390889289,Pengling Original 63
390889289,Pengling Original 63
390889289,Pengling Original 63
390889289,Pengling Original 63
353315893,Pengling Original 52
355330665,Pengling Original 54
1099337768,PIXEL_FREN #101
1099337788,PIXEL_FREN #110
1099373731,PIXEL_FREN #130
1099373733,PIXEL_FREN #131
1099337527,PIXEL_FREN #17
1099373894,PIXEL_FREN #175
1099373912,PIXEL_FREN #180
1099337531,PIXEL_FREN #19
1099337490,PIXEL_FREN #2
1099374793,PIXEL_FREN #264
1099337555,PIXEL_FREN #31
1099337559,PIXEL_FREN #33
1099337563,PIXEL_FREN #35
1099337566,PIXEL_FREN #36
1099376609,PIXEL_FREN #365
1099376628,PIXEL_FREN #374
1099376630,PIXEL_FREN #375
1099376638,PIXEL_FREN #379
1099376642,PIXEL_FREN #381
1099376655,PIXEL_FREN #386
1099337572,PIXEL_FREN #39
1099376696,PIXEL_FREN #399
1099337494,PIXEL_FREN #4
1099376706,PIXEL_FREN #403
1099376708,PIXEL_FREN #404
1099376768,PIXEL_FREN #408
1099376770,PIXEL_FREN #409
1099337576,PIXEL_FREN #41
1099376776,PIXEL_FREN #412
1099376778,PIXEL_FREN #413
1099376797,PIXEL_FREN #418
1099337580,PIXEL_FREN #43
1099337608,PIXEL_FREN #52
1099337614,PIXEL_FREN #55
1099337626,PIXEL_FREN #61
1099337638,PIXEL_FREN #66
1099337642,PIXEL_FREN #68
1099337500,PIXEL_FREN #7
1099337663,PIXEL_FREN #77
1099337665,PIXEL_FREN #78
1099337696,PIXEL_FREN #90
1099337705,PIXEL_FREN #94
1099337715,PIXEL_FREN #99
